file_path,label
/mnt/external.data/TowbinLab/kstojanovski/20220909_crest_10x_yap-1d_wBT125-310_25C_20220909_154052_701/analysis/ch2_sobel_str/seg_Time00064_Point0007_Channel477.tiff,error
/mnt/external.data/TowbinLab/jtuomaala/20221206_klement_20201207_wbt64_wbt23_etc/main/pad6/analysis/ch1_sobel_str/seg_Time00399_Point0105_Channel470_nm_Seq57561.tiff,worm
/mnt/external.data/TowbinLab/jtuomaala/20220511_Ti2_20x_GFP_lmn1_sams1_starvation_PART2_20220508_171356_993/20220508_171356_993/pad4/analysis/ch1_sobel_str/seg_Time00025_Point0078_Channel470_nm_Seq20260.tiff,worm
"/mnt/external.data/TowbinLab/jtuomaala/20220713_LIPSI_20x_starvation_ribo_lmn_sams_20220710_202035_650/20220710_202035_650/pad4/analysis/ch1_sobel_str/seg_Time00049_Point0071_ChannelCy3_WF,Brightfield_Seq43271.tiff",error
"/mnt/external.data/TowbinLab/jtuomaala/20220718_LIPSI_10x_recovery_wBT148_180244_769/20220715_180244_769/pad4/analysis/ch1_sobel_str/seg_Time00055_Point0009_ChannelCy3_WF,Brightfield_Seq13047.tiff",worm
/mnt/external.data/TowbinLab/spradhan/20211214_wBT243_wBT262_rpl-22_degron_auxin_10x_Ti2/pad5/analysis/ch1_sobel_str/seg_Time00200_Point0056_Channel470.tiff,worm
"/mnt/external.data/TowbinLab/jtuomaala/20211221_LIPSI_20x_GFP_levels_ribo_cyto_20211221_175954_691/20211221_175954_691/pad4/analysis/ch1_sobel_str/seg_Time00038_Point0031_ChannelCy3_WF,Brightfield_Seq27008.tiff",worm
"/mnt/external.data/TowbinLab/jtuomaala/20220318_LIPSI_10x_recovery_20220318_215149_300/20220318_215149_300/pad3/analysis/ch1_sobel_str/seg_Time00093_Point0038_ChannelCy3_WF,Brightfield_Seq22633.tiff",error
"/mnt/external.data/TowbinLab/jtuomaala/20230424_CREST_20x_photobleach_148_n2_ribosomes_20230421_232224_135/20230421_232224_135/pad5/analysis/ch1_sobel_str/seg_Time00128_Point0030_Channel546_nm,Mono_Seq38630.ome.tiff",error
/mnt/external.data/TowbinLab/jtuomaala/20211203_Ti2_20x_GFP_decline_wBT148_wBT23_autophagy_deficient_20211203_164210_252/20211203_164210_252/pad2/analysis/ch1_sobel_str/seg_Time00021_Point0200_Channel470_nm_Seq12550.tiff,worm
"/mnt/external.data/TowbinLab/jtuomaala/20211221_LIPSI_20x_GFP_levels_ribo_cyto_20211221_175954_691/20211221_175954_691/pad6/analysis/ch1_sobel_str/seg_Time00062_Point0077_ChannelCy3_WF,Brightfield_Seq44213.tiff",worm
/mnt/external.data/TowbinLab/spradhan/20220218_wBT262_parental_auxin_titration_effect_in_progeny_Ti2_10x/pad1/analysis/ch1_sobel_str/seg_Time00027_Point0027_Channel575.tiff,worm
/mnt/external.data/TowbinLab/spradhan/20211101_wBT150_wBT253_10x_Ti2_growth/pad1/analysis/ch1_sobel_str/seg_Time00170_Point0004_Channel575.tiff,worm
"/mnt/external.data/TowbinLab/jtuomaala/20220718_LIPSI_10x_recovery_wBT148_180244_769/20220715_180244_769/pad5/analysis/ch1_sobel_str/seg_Time00033_Point0037_ChannelCy3_WF,Brightfield_Seq7940.tiff",worm
"/mnt/external.data/TowbinLab/jtuomaala/20230404_LIPSI_10x_recovery_5d_starved_20230403_153942_262/20230403_153942_262/pad3/analysis/ch1_sobel_str/seg_Time00098_Point0026_ChannelCy3_WF,Brightfield_Seq12931.tiff",worm
/mnt/external.data/TowbinLab/jtuomaala/20221206_klement_20201030_wbt64_wbt23_etc/main/pad2/analysis/ch1_sobel_str/seg_Time00184_Point0058_Channel470_nm_Seq38882.tiff,egg
/mnt/external.data/TowbinLab/spradhan/20220809_wBT308_auxintreatedparents/analysis/ch1_sobel_str/seg_Time00356_Point0028_Channel470.tiff,error
/mnt/external.data/TowbinLab/spradhan/20210716_wBT148_150_Ti2_10x_DR_AL_growth_ribosome/gfp/analysis/ch1_sobel_str/seg_Time00196_Point0059_Channel470.tiff,worm
/mnt/external.data/TowbinLab/spradhan/20221012_wBt307_0_50_100uM_IAA/analysis/ch1_sobel_str/seg_Time00143_Point0096_Channel470.tiff,worm
/mnt/external.data/TowbinLab/jtuomaala/20220318_Ti2_10x_recovery_20220318_162544_939/20220318_162544_939/pad3/analysis/ch1_sobel_str/seg_Time00336_Point0001_Channel470_nm_Seq77699.tiff,worm
/mnt/external.data/TowbinLab/spradhan/20220809_wBT308_auxintreatedparents/analysis/ch1_sobel_str/seg_Time00089_Point0130_Channel470.tiff,worm
/mnt/external.data/TowbinLab/spradhan/20220913_wB307_L1_recovery_0_500_1000IAA/analysis/ch1_sobel_str/seg_Time00367_Point0037_Channel470.tiff,error
/mnt/external.data/TowbinLab/spradhan/20211112_wBT261_wBT253_10x_Ti2_growth_2_20211112_172054_504/pad1/analysis/ch1_sobel_str/seg_Time00337_Point0002_Channel470.tiff,worm
"/mnt/external.data/TowbinLab/jtuomaala/20230602_LIPSI_20x_autophagz_deficient_ribosome_decline/20230530_215012_484/pad5/analysis/ch1_sobel_str/seg_Time00020_Point0035_ChannelDummy_Glass_1,Dummy_Glass_2_Seq12162.tiff",worm
"/mnt/external.data/TowbinLab/jtuomaala/20220124_LIPSI_20x_GFP_ribosomes_starvation_20220121_171637_367/20220121_171637_367/pad5/analysis/ch1_sobel_str/seg_Time00053_Point0016_ChannelCy3_WF,Brightfield_Seq21987.tiff",worm
/mnt/external.data/TowbinLab/kstojanovski/20210917_Ti2_10x_wBT241_oscillation_auxin_blmp-1_AID_25C_20210917_171019_749/mCherry/analysis/ch1_sobel_str/seg_Time00199_Point0067_Channel575.tiff,worm
/mnt/external.data/TowbinLab/jtuomaala/20221206_klement_20201023_wbt64_wbt23_etc/main/pad2/analysis/ch1_sobel_str/seg_Time00175_Point0027_Channel470_nm_Seq18402.tiff,worm
/mnt/external.data/TowbinLab/kstojanovski/20230310_Ti2_10x_vhp-1_338-186_25C_20230310_171704_905/analysis/ch2_sobel_str/seg_Time00084_Point0183_Channel470.tiff,worm
/mnt/external.data/TowbinLab/spradhan/20210716_wBT148_150_Ti2_10x_DR_AL_growth_ribosome/gfp/analysis/ch1_sobel_str/seg_Time00348_Point0079_Channel470.tiff,error
"/mnt/external.data/TowbinLab/jtuomaala/20211221_LIPSI_20x_GFP_levels_ribo_cyto_20211221_175954_691/20211221_175954_691/pad6/analysis/ch1_sobel_str/seg_Time00104_Point0050_ChannelCy3_WF,Brightfield_Seq73670.tiff",worm
"/mnt/external.data/TowbinLab/jtuomaala/20211211_LIPSI_20x_GFP_levels_ribo_cyto_20211211_221520_043/20211211_221520_043/pad4/analysis/ch1_sobel_str/seg_Time00055_Point0080_ChannelCy3_WF,Brightfield_Seq31415.tiff",error
"/mnt/external.data/TowbinLab/jtuomaala/20220718_LIPSI_10x_recovery_wBT148_180244_769/20220715_180244_769/pad3/analysis/ch1_sobel_str/seg_Time00144_Point0002_ChannelCy3_WF,Brightfield_Seq33909.tiff",worm
"/mnt/external.data/TowbinLab/jtuomaala/20211221_LIPSI_20x_GFP_levels_ribo_cyto_20211221_175954_691/20211221_175954_691/pad5/analysis/ch1_sobel_str/seg_Time00024_Point0110_ChannelCy3_WF,Brightfield_Seq17384.tiff",error
/mnt/external.data/TowbinLab/kstojanovski/20220124_lipsi_20x_daf-16GFP_wBT267-268-269-270_25C_/pad2/mCherry/analysis/ch1_sobel_str/seg_Time00044_Point0031_ChannelmCherry.tiff,worm
/mnt/external.data/TowbinLab/jtuomaala/20221206_klement_20201023_wbt64_wbt23_etc/main/pad5/analysis/ch1_sobel_str/seg_Time00299_Point0096_Channel470_nm_Seq31491.tiff,error
/mnt/external.data/TowbinLab/spradhan/20220218_wBT262_parental_auxin_titration_effect_in_progeny_Ti2_10x/pad5/analysis/ch1_sobel_str/seg_Time00201_Point0013_Channel575.tiff,egg
/mnt/external.data/TowbinLab/spradhan/20220218_wBT262_parental_auxin_titration_effect_in_progeny_Ti2_10x/pad2/analysis/ch1_sobel_str/seg_Time00124_Point0028_Channel575.tiff,worm
/mnt/external.data/TowbinLab/spradhan/20211112_wBT261_wBT253_10x_Ti2_growth_2_20211112_172054_504/pad1/analysis/ch1_sobel_str/seg_Time00062_Point0065_Channel470.tiff,egg
"/mnt/external.data/TowbinLab/jtuomaala/20230529_CREST_20x_photobleach4/20230529_175259_376/pad3/analysis/ch1_sobel_str/seg_Time00047_Point0042_Channel546_nm,Mono_Seq17082.ome.tiff",worm
/mnt/external.data/TowbinLab/spradhan/20211112_wBT261_wBT253_10x_Ti2_growth_2_20211112_172054_504/pad1/analysis/ch1_sobel_str/seg_Time00030_Point0043_Channel470.tiff,error
/mnt/external.data/TowbinLab/kstojanovski/20210917_Ti2_10x_wBT241_oscillation_auxin_blmp-1_AID_25C_20210917_171019_749/mCherry/analysis/ch1_sobel_str/seg_Time00397_Point0086_Channel575.tiff,error
/mnt/external.data/TowbinLab/spradhan/20220218_wBT262_parental_auxin_titration_effect_in_progeny_Ti2_10x/pad3/analysis/ch1_sobel_str/seg_Time00097_Point0016_Channel575.tiff,worm
/mnt/external.data/TowbinLab/kstojanovski/20220401_Ti2_20x_160-182-190_pumping_25C_20220401_173300_429/analysis/ch2_sobel_str/seg_Time00101_Point0012_Channel470.tiff,worm
/mnt/external.data/TowbinLab/spradhan/20211214_wBT243_wBT262_rpl-22_degron_auxin_10x_Ti2/pad6/analysis/ch1_sobel_str/seg_Time00053_Point0032_Channel470.tiff,worm
"/mnt/external.data/TowbinLab/jtuomaala/20220718_LIPSI_10x_recovery_wBT148_180244_769/20220715_180244_769/pad3/analysis/ch1_sobel_str/seg_Time00116_Point0043_ChannelCy3_WF,Brightfield_Seq27370.tiff",worm
"/mnt/external.data/TowbinLab/jtuomaala/20211221_LIPSI_20x_GFP_levels_ribo_cyto_20211221_175954_691/20211221_175954_691/pad4/analysis/ch1_sobel_str/seg_Time00035_Point0104_ChannelCy3_WF,Brightfield_Seq24975.tiff",worm
/mnt/external.data/TowbinLab/jtuomaala/20220511_Ti2_20x_GFP_lmn1_sams1_starvation_PART1_20220508_025021_922/20220508_025021_922/pad2/analysis/ch1_sobel_str/seg_Time00002_Point0078_Channel470_nm_Seq1804.tiff,worm
/mnt/external.data/TowbinLab/jtuomaala/20221206_klement_20201023_wbt64_wbt23_etc/main/pad1/analysis/ch1_sobel_str/seg_Time00050_Point0008_Channel470_nm_Seq5258.tiff,error
/mnt/external.data/TowbinLab/spradhan/20221109_wBT308_auxintreatedparents_1mM_0mM/analysis/ch1_sobel_str/seg_Time00195_Point0085_Channel470.tiff,worm
/mnt/external.data/TowbinLab/jtuomaala/20221206_klement_20201023_wbt64_wbt23_etc/main/pad4/analysis/ch1_sobel_str/seg_Time00213_Point0089_Channel470_nm_Seq22454.tiff,worm
/mnt/external.data/TowbinLab/spradhan/20221021_wBT308_repeat2_0mM_1mM_IAA_P0/analysis/ch1_sobel_str/seg_Time00078_Point0079_Channel477.tiff,worm
/mnt/external.data/TowbinLab/spradhan/20221021_wBT308_repeat2_0mM_1mM_IAA_P0/analysis/ch1_sobel_str/seg_Time00144_Point0036_Channel477.tiff,worm
"/mnt/external.data/TowbinLab/jtuomaala/20211221_LIPSI_20x_GFP_levels_ribo_cyto_20211221_175954_691/20211221_175954_691/pad2/analysis/ch1_sobel_str/seg_Time00142_Point0082_ChannelCy3_WF,Brightfield_Seq99932.tiff",worm
/mnt/external.data/TowbinLab/spradhan/20220218_wBT262_parental_auxin_titration_effect_in_progeny_Ti2_10x/pad1/analysis/ch1_sobel_str/seg_Time00082_Point0006_Channel575.tiff,worm
"/mnt/external.data/TowbinLab/jtuomaala/20230602_LIPSI_20x_autophagz_deficient_ribosome_decline/20230530_215012_484/pad2/analysis/ch1_sobel_str/seg_Time00028_Point0003_ChannelDummy_Glass_1,Dummy_Glass_2_Seq16526.tiff",worm
"/mnt/external.data/TowbinLab/jtuomaala/20211221_LIPSI_20x_GFP_levels_ribo_cyto_20211221_175954_691/20211221_175954_691/pad1/analysis/ch1_sobel_str/seg_Time00136_Point0143_ChannelCy3_WF,Brightfield_Seq95615.tiff",worm
/mnt/external.data/TowbinLab/kstojanovski/20210917_Ti2_10x_wBT241_oscillation_auxin_blmp-1_AID_25C_20210917_171019_749/GFP/analysis/ch1_sobel_str/seg_Time00094_Point0036_Channel575.tiff,worm
/mnt/external.data/TowbinLab/kstojanovski/20210917_Ti2_10x_wBT241_oscillation_auxin_blmp-1_AID_25C_20210917_171019_749/mCherry/analysis/ch1_sobel_str/seg_Time00299_Point0051_Channel575.tiff,worm
/mnt/external.data/TowbinLab/kstojanovski/20230602_Orca_10x_16hIAA_wBT160-182-186-190_20230603_091744_737/analysis/ch2_sobel_str/seg_Time00263_Point0046_Channel575.tiff,error
/mnt/external.data/TowbinLab/spradhan/20220913_wB307_L1_recovery_0_500_1000IAA/analysis/ch1_sobel_str/seg_Time00304_Point0078_Channel470.tiff,worm
/mnt/external.data/TowbinLab/jtuomaala/20220318_Ti2_10x_recovery_20220318_162544_939/20220318_162544_939/pad2/analysis/ch1_sobel_str/seg_Time00083_Point0006_Channel470_nm_Seq19228.tiff,error
"/mnt/external.data/TowbinLab/jtuomaala/20230327_ribo_photobleach_20230325_213613_352/20230325_213613_352/pad3/analysis/ch1_sobel_str/seg_Time00001_Point0018_Channel546_nm,Mono_Seq0737.ome.tiff",worm
/mnt/external.data/TowbinLab/kstojanovski/20230310_Ti2_10x_vhp-1_338-186_25C_20230310_171704_905/analysis/ch2_sobel_str/seg_Time00034_Point0415_Channel470.tiff,egg
/mnt/external.data/TowbinLab/spradhan/20220809_wBT308_auxintreatedparents/analysis/ch1_sobel_str/seg_Time00163_Point0142_Channel470.tiff,worm
/mnt/external.data/TowbinLab/jtuomaala/20221206_klement_20201207_wbt64_wbt23_etc/main/pad2/analysis/ch1_sobel_str/seg_Time00165_Point0027_Channel470_nm_Seq23787.tiff,error
"/mnt/external.data/TowbinLab/jtuomaala/20220718_LIPSI_10x_recovery_wBT148_180244_769/20220715_180244_769/pad3/analysis/ch1_sobel_str/seg_Time00207_Point0034_ChannelCy3_WF,Brightfield_Seq48746.tiff",error
"/mnt/external.data/TowbinLab/jtuomaala/20211221_LIPSI_20x_GFP_levels_ribo_cyto_20211221_175954_691/20211221_175954_691/pad1/analysis/ch1_sobel_str/seg_Time00063_Point0122_ChannelCy3_WF,Brightfield_Seq44348.tiff",worm
/mnt/external.data/TowbinLab/kstojanovski/20220909_crest_10x_yap-1d_wBT125-310_25C_20220909_154052_701/analysis/ch2_sobel_str/seg_Time00258_Point0068_Channel477.tiff,worm
"/mnt/external.data/TowbinLab/jtuomaala/20230404_LIPSI_10x_recovery_5d_starved_20230403_153942_262/20230403_153942_262/pad1/analysis/ch1_sobel_str/seg_Time00010_Point0036_ChannelCy3_WF,Brightfield_Seq1346.tiff",worm
/mnt/external.data/TowbinLab/jtuomaala/20211203_Ti2_20x_GFP_decline_wBT148_wBT23_autophagy_deficient_20211203_164210_252/20211203_164210_252/pad1/analysis/ch1_sobel_str/seg_Time00012_Point0099_Channel470_nm_Seq7083.tiff,error
/mnt/external.data/TowbinLab/spradhan/20220913_wB307_L1_recovery_0_500_1000IAA/analysis/ch1_sobel_str/seg_Time00016_Point0069_Channel470.tiff,worm
/mnt/external.data/TowbinLab/spradhan/20221109_wBT308_auxintreatedparents_1mM_0mM/analysis/ch1_sobel_str/seg_Time00216_Point0133_Channel470.tiff,worm
/mnt/external.data/TowbinLab/jtuomaala/20220318_Ti2_10x_recovery_20220318_162544_939/20220318_162544_939/pad6/analysis/ch1_sobel_str/seg_Time00271_Point0021_Channel470_nm_Seq62780.tiff,worm
"/mnt/external.data/TowbinLab/jtuomaala/20211221_LIPSI_20x_GFP_levels_ribo_cyto_20211221_175954_691/20211221_175954_691/pad4/analysis/ch1_sobel_str/seg_Time00077_Point0063_ChannelCy3_WF,Brightfield_Seq54418.tiff",worm
/mnt/external.data/TowbinLab/jtuomaala/20220511_Ti2_20x_GFP_lmn1_sams1_starvation_PART2_20220508_171356_993/20220508_171356_993/pad2/analysis/ch1_sobel_str/seg_Time00040_Point0073_Channel470_nm_Seq31819.tiff,worm
/mnt/external.data/TowbinLab/spradhan/20220315_wBT150_DR_titration_and_DR_AL_wBT253_wBT261/pad1/analysis/ch1_sobel_str/seg_Time00186_Point0063_Channel575.tiff,worm
/mnt/external.data/TowbinLab/jtuomaala/20210329_Ti2_10x_wBT149_25C_L1_recovery_20210326_134548_847/analysis/ch1_sobel_str/seg_Time00411_Point0014_Channel.tiff,worm
/mnt/external.data/TowbinLab/spradhan/20211112_wBT261_wBT253_10x_Ti2_growth_2_20211112_172054_504/pad1/analysis/ch1_sobel_str/seg_Time00272_Point0019_Channel470.tiff,egg
"/mnt/external.data/TowbinLab/jtuomaala/20230529_CREST_20x_photobleach4/20230529_175259_376/pad4/analysis/ch1_sobel_str/seg_Time00032_Point0013_Channel546_nm,Mono_Seq11713.ome.tiff",worm
/mnt/external.data/TowbinLab/kstojanovski/20220124_lipsi_20x_daf-16GFP_wBT267-268-269-270_25C_/pad3/mCherry/analysis/ch1_sobel_str/seg_Time00023_Point0004_ChannelmCherry.tiff,worm
"/mnt/external.data/TowbinLab/jtuomaala/20220718_LIPSI_10x_recovery_wBT148_180244_769/20220715_180244_769/pad4/analysis/ch1_sobel_str/seg_Time00102_Point0027_ChannelCy3_WF,Brightfield_Seq24110.tiff",worm
/mnt/external.data/TowbinLab/spradhan/20210716_wBT148_150_Ti2_10x_DR_AL_growth_ribosome/gfp/analysis/ch1_sobel_str/seg_Time00358_Point0027_Channel470.tiff,worm
/mnt/external.data/TowbinLab/spradhan/20220218_wBT262_parental_auxin_titration_effect_in_progeny_Ti2_10x/pad4/analysis/ch1_sobel_str/seg_Time00092_Point0003_Channel575.tiff,worm
/mnt/external.data/TowbinLab/jtuomaala/20220511_Ti2_20x_GFP_lmn1_sams1_starvation_PART2_20220508_171356_993/20220508_171356_993/pad1/analysis/ch1_sobel_str/seg_Time00030_Point0020_Channel470_nm_Seq23720.tiff,worm
/mnt/external.data/TowbinLab/spradhan/20211214_wBT243_wBT262_rpl-22_degron_auxin_10x_Ti2/pad2/analysis/ch1_sobel_str/seg_Time00013_Point0065_Channel470.tiff,worm
/mnt/external.data/TowbinLab/spradhan/20220809_wBT308_auxintreatedparents/analysis/ch1_sobel_str/seg_Time00141_Point0030_Channel470.tiff,worm
/mnt/external.data/TowbinLab/spradhan/20220809_wBT308_auxintreatedparents/analysis/ch1_sobel_str/seg_Time00030_Point0034_Channel470.tiff,worm
"/mnt/external.data/TowbinLab/jtuomaala/20220713_LIPSI_20x_starvation_ribo_lmn_sams_20220710_202035_650/20220710_202035_650/pad4/analysis/ch1_sobel_str/seg_Time00039_Point0077_ChannelCy3_WF,Brightfield_Seq34547.tiff",error
/mnt/external.data/TowbinLab/jtuomaala/20220318_Ti2_10x_recovery_20220318_162544_939/20220318_162544_939/pad4/analysis/ch1_sobel_str/seg_Time00364_Point0008_Channel470_nm_Seq84222.tiff,error
"/mnt/external.data/TowbinLab/jtuomaala/20220718_LIPSI_10x_recovery_wBT148_180244_769/20220715_180244_769/pad1/analysis/ch1_sobel_str/seg_Time00225_Point0018_ChannelCy3_WF,Brightfield_Seq52893.tiff",worm
/mnt/external.data/TowbinLab/spradhan/20211214_wBT243_wBT262_rpl-22_degron_auxin_10x_Ti2/pad4/analysis/ch1_sobel_str/seg_Time00064_Point0050_Channel470.tiff,worm
/mnt/external.data/TowbinLab/kstojanovski/20230310_Ti2_10x_vhp-1_338-186_25C_20230310_171704_905/analysis/ch2_sobel_str/seg_Time00061_Point0089_Channel470.tiff,worm
/mnt/external.data/TowbinLab/spradhan/20221216_wB261_253/analysis/ch1_sobel_str/seg_Time00238_Point0028_Channel477.tiff,worm
/mnt/external.data/TowbinLab/kstojanovski/20220124_lipsi_20x_daf-16GFP_wBT267-268-269-270_25C_/pad3/mCherry/analysis/ch1_sobel_str/seg_Time00030_Point0040_ChannelmCherry.tiff,error
/mnt/external.data/TowbinLab/spradhan/20211214_wBT243_wBT262_rpl-22_degron_auxin_10x_Ti2/pad3/analysis/ch1_sobel_str/seg_Time00070_Point0042_Channel470.tiff,worm
/mnt/external.data/TowbinLab/spradhan/20211112_wBT261_wBT253_10x_Ti2_growth_2_20211112_172054_504/pad1/analysis/ch1_sobel_str/seg_Time00335_Point0034_Channel470.tiff,egg
/mnt/external.data/TowbinLab/spradhan/20210716_wBT148_150_Ti2_10x_DR_AL_growth_ribosome/mcherry/analysis/ch1_sobel_str/seg_Time00299_Point0004_Channel470.tiff,error
/mnt/external.data/TowbinLab/jtuomaala/20211203_Ti2_20x_GFP_decline_wBT148_wBT23_autophagy_deficient_20211203_164210_252/20211203_164210_252/pad2/analysis/ch1_sobel_str/seg_Time00009_Point0085_Channel470_nm_Seq5451.tiff,worm
/mnt/external.data/TowbinLab/kstojanovski/20220401_Ti2_20x_160-182-190_pumping_25C_20220401_173300_429/analysis/ch2_sobel_str/seg_Time00266_Point0040_Channel470.tiff,error
/mnt/external.data/TowbinLab/kstojanovski/20221209_Ti2_10x_earlyEggs_wBT160_25C_20221209_130053_455/analysis/ch2_sobel_str/seg_Time00226_Point0048_Channel575.tiff,worm
/mnt/external.data/TowbinLab/spradhan/20220913_wB307_L1_recovery_0_500_1000IAA/analysis/ch1_sobel_str/seg_Time00024_Point0097_Channel470.tiff,worm
/mnt/external.data/TowbinLab/jtuomaala/20221206_klement_20201030_wbt64_wbt23_etc/main/pad5/analysis/ch1_sobel_str/seg_Time00178_Point0175_Channel470_nm_Seq37733.tiff,worm
"/mnt/external.data/TowbinLab/jtuomaala/20220318_LIPSI_10x_recovery_20220318_215149_300/20220318_215149_300/pad6/analysis/ch1_sobel_str/seg_Time00021_Point0008_ChannelCy3_WF,Brightfield_Seq5279.tiff",worm
/mnt/external.data/TowbinLab/spradhan/20221021_wBT308_repeat2_0mM_1mM_IAA_P0/analysis/ch1_sobel_str/seg_Time00081_Point0086_Channel477.tiff,worm
"/mnt/external.data/TowbinLab/jtuomaala/20220713_LIPSI_20x_starvation_ribo_lmn_sams_20220710_202035_650/20220710_202035_650/pad4/analysis/ch1_sobel_str/seg_Time00055_Point0063_ChannelCy3_WF,Brightfield_Seq48501.tiff",error
"/mnt/external.data/TowbinLab/jtuomaala/20220124_LIPSI_20x_GFP_ribosomes_starvation_20220121_171637_367/20220121_171637_367/pad5/analysis/ch1_sobel_str/seg_Time00017_Point0024_ChannelCy3_WF,Brightfield_Seq7271.tiff",worm
"/mnt/external.data/TowbinLab/jtuomaala/20220713_LIPSI_20x_starvation_ribo_lmn_sams_20220710_202035_650/20220710_202035_650/pad1/analysis/ch1_sobel_str/seg_Time00006_Point0061_ChannelCy3_WF,Brightfield_Seq5299.tiff",worm
/mnt/external.data/TowbinLab/jtuomaala/20220318_Ti2_10x_recovery_20220318_162544_939/20220318_162544_939/pad4/analysis/ch1_sobel_str/seg_Time00065_Point0008_Channel470_nm_Seq15153.tiff,worm
/mnt/external.data/TowbinLab/spradhan/20221012_wBt307_0_50_100uM_IAA/analysis/ch1_sobel_str/seg_Time00149_Point0058_Channel470.tiff,worm
/mnt/external.data/TowbinLab/kstojanovski/20220909_crest_10x_yap-1d_wBT125-310_25C_20220909_154052_701/analysis/ch2_sobel_str/seg_Time00192_Point0062_Channel477.tiff,error
"/mnt/external.data/TowbinLab/jtuomaala/20230424_CREST_20x_photobleach_148_n2_ribosomes_20230421_232224_135/20230421_232224_135/pad5/analysis/ch1_sobel_str/seg_Time00145_Point0022_Channel546_nm,Mono_Seq43722.ome.tiff",error
/mnt/external.data/TowbinLab/jtuomaala/20221206_klement_20201030_wbt64_wbt23_etc/main/pad5/analysis/ch1_sobel_str/seg_Time00294_Point0185_Channel470_nm_Seq62219.tiff,worm
/mnt/external.data/TowbinLab/jtuomaala/20220511_Ti2_20x_GFP_lmn1_sams1_starvation_PART2_20220508_171356_993/20220508_171356_993/pad2/analysis/ch1_sobel_str/seg_Time00022_Point0054_Channel470_nm_Seq17580.tiff,worm
/mnt/external.data/TowbinLab/jtuomaala/20221206_klement_20201207_wbt64_wbt23_etc/main/pad6/analysis/ch1_sobel_str/seg_Time00215_Point0096_Channel470_nm_Seq31056.tiff,error
/mnt/external.data/TowbinLab/kstojanovski/20230310_Ti2_10x_vhp-1_338-186_25C_20230310_171704_905/analysis/ch2_sobel_str/seg_Time00060_Point0142_Channel470.tiff,worm
/mnt/external.data/TowbinLab/kstojanovski/20220909_crest_10x_yap-1d_wBT125-310_25C_20220909_154052_701/analysis/ch2_sobel_str/seg_Time00324_Point0079_Channel477.tiff,error
/mnt/external.data/TowbinLab/spradhan/20210716_wBT148_150_Ti2_10x_DR_AL_growth_ribosome/mcherry/analysis/ch1_sobel_str/seg_Time00090_Point0067_Channel470.tiff,worm
"/mnt/external.data/TowbinLab/jtuomaala/20211211_LIPSI_20x_GFP_levels_ribo_cyto_20211211_221520_043/20211211_221520_043/pad2/analysis/ch1_sobel_str/seg_Time00016_Point0014_ChannelCy3_WF,Brightfield_Seq9138.tiff",worm
"/mnt/external.data/TowbinLab/jtuomaala/20211211_LIPSI_20x_GFP_levels_ribo_cyto_20211211_221520_043/20211211_221520_043/pad3/analysis/ch1_sobel_str/seg_Time00030_Point0091_ChannelCy3_WF,Brightfield_Seq17211.tiff",worm
/mnt/external.data/TowbinLab/spradhan/20210716_wBT148_150_Ti2_10x_DR_AL_growth_ribosome/mcherry/analysis/ch1_sobel_str/seg_Time00005_Point0032_Channel470.tiff,error
/mnt/external.data/TowbinLab/kstojanovski/20210917_Ti2_10x_wBT241_oscillation_auxin_blmp-1_AID_25C_20210917_171019_749/mCherry/analysis/ch1_sobel_str/seg_Time00116_Point0004_Channel575.tiff,worm
"/mnt/external.data/TowbinLab/jtuomaala/20230602_LIPSI_20x_autophagz_deficient_ribosome_decline/20230530_215012_484/pad1/analysis/ch1_sobel_str/seg_Time00044_Point0078_ChannelDummy_Glass_1,Dummy_Glass_2_Seq25906.tiff",worm
"/mnt/external.data/TowbinLab/jtuomaala/20211221_LIPSI_20x_GFP_levels_ribo_cyto_20211221_175954_691/20211221_175954_691/pad3/analysis/ch1_sobel_str/seg_Time00070_Point0019_ChannelCy3_WF,Brightfield_Seq49436.tiff",worm
/mnt/external.data/TowbinLab/jtuomaala/20220131_Ti2_20x_GFP_levels_lmn1_starvation_SHIFTED_20220127_203712_263/20220127_203712_263/pad6/analysis/ch1_sobel_str/seg_Time00074_Point0099_Channel470_nm_Seq42749.tiff,worm
/mnt/external.data/TowbinLab/jtuomaala/20221206_klement_20201030_wbt64_wbt23_etc/main/pad5/analysis/ch1_sobel_str/seg_Time00254_Point0167_Channel470_nm_Seq53761.tiff,error
"/mnt/external.data/TowbinLab/jtuomaala/20220318_LIPSI_10x_recovery_20220318_215149_300/20220318_215149_300/pad3/analysis/ch1_sobel_str/seg_Time00101_Point0018_ChannelCy3_WF,Brightfield_Seq24549.tiff",worm
/mnt/external.data/TowbinLab/kstojanovski/20210917_Ti2_10x_wBT241_oscillation_auxin_blmp-1_AID_25C_20210917_171019_749/mCherry/analysis/ch1_sobel_str/seg_Time00134_Point0024_Channel575.tiff,error
"/mnt/external.data/TowbinLab/jtuomaala/20230602_LIPSI_20x_autophagz_deficient_ribosome_decline/20230530_215012_484/pad3/analysis/ch1_sobel_str/seg_Time00037_Point0002_ChannelDummy_Glass_1,Dummy_Glass_2_Seq21908.tiff",worm
"/mnt/external.data/TowbinLab/jtuomaala/20230404_LIPSI_10x_recovery_5d_starved_20230403_153942_262/20230403_153942_262/pad1/analysis/ch1_sobel_str/seg_Time00091_Point0047_ChannelCy3_WF,Brightfield_Seq11968.tiff",error
/mnt/external.data/TowbinLab/spradhan/20211214_wBT243_wBT262_rpl-22_degron_auxin_10x_Ti2/pad1/analysis/ch1_sobel_str/seg_Time00231_Point0041_Channel470.tiff,error
/mnt/external.data/TowbinLab/jtuomaala/classifiers/Fake_experiment_for_training_L1_classification/fake/pad1/analysis/ch1_sobel_str/seg_Time0000_Point57_Seq57.tiff,worm
"/mnt/external.data/TowbinLab/jtuomaala/20220713_LIPSI_20x_starvation_ribo_lmn_sams_20220710_202035_650/20220710_202035_650/pad2/analysis/ch1_sobel_str/seg_Time00024_Point0027_ChannelCy3_WF,Brightfield_Seq21129.tiff",worm
/mnt/external.data/TowbinLab/jtuomaala/20221206_klement_20201030_wbt64_wbt23_etc/main/pad2/analysis/ch1_sobel_str/seg_Time00241_Point0035_Channel470_nm_Seq50886.tiff,worm
/mnt/external.data/TowbinLab/spradhan/20210716_wBT148_150_Ti2_10x_DR_AL_growth_ribosome/gfp/analysis/ch1_sobel_str/seg_Time00259_Point0033_Channel470.tiff,worm
/mnt/external.data/TowbinLab/spradhan/20211112_wBT261_wBT253_10x_Ti2_growth_2_20211112_172054_504/pad1/analysis/ch1_sobel_str/seg_Time00049_Point0062_Channel470.tiff,worm
/mnt/external.data/TowbinLab/jtuomaala/20220318_Ti2_10x_recovery_20220318_162544_939/20220318_162544_939/pad3/analysis/ch1_sobel_str/seg_Time00076_Point0013_Channel470_nm_Seq17651.tiff,worm
/mnt/external.data/TowbinLab/jtuomaala/20220318_Ti2_10x_recovery_20220318_162544_939/20220318_162544_939/pad6/analysis/ch1_sobel_str/seg_Time00221_Point0027_Channel470_nm_Seq51236.tiff,worm
/mnt/external.data/TowbinLab/kstojanovski/20210917_Ti2_10x_wBT241_oscillation_auxin_blmp-1_AID_25C_20210917_171019_749/GFP/analysis/ch1_sobel_str/seg_Time00197_Point0083_Channel575.tiff,error
/mnt/external.data/TowbinLab/spradhan/20220315_wBT150_DR_titration_and_DR_AL_wBT253_wBT261/pad1/analysis/ch1_sobel_str/seg_Time00161_Point0055_Channel575.tiff,worm
/mnt/external.data/TowbinLab/kstojanovski/20220610_Crest_10x_chambers_test_25C_20220610_184550_574/analysis/ch2_sobel_str/seg_Time00366_Point0015_Channel477.tiff,error
/mnt/external.data/TowbinLab/spradhan/20211214_wBT243_wBT262_rpl-22_degron_auxin_10x_Ti2/pad2/analysis/ch1_sobel_str/seg_Time00113_Point0050_Channel470.tiff,worm
/mnt/external.data/TowbinLab/jtuomaala/20220318_Ti2_10x_recovery_20220318_162544_939/20220318_162544_939/pad1/analysis/ch1_sobel_str/seg_Time00060_Point0023_Channel470_nm_Seq13883.tiff,worm
"/mnt/external.data/TowbinLab/jtuomaala/20230424_CREST_20x_photobleach_148_n2_ribosomes_20230421_232224_135/20230421_232224_135/pad1/analysis/ch1_sobel_str/seg_Time00100_Point0019_Channel546_nm,Mono_Seq30019.ome.tiff",error
/mnt/external.data/TowbinLab/jtuomaala/20221206_klement_20201030_wbt64_wbt23_etc/main/pad4/analysis/ch1_sobel_str/seg_Time00019_Point0117_Channel470_nm_Seq4126.tiff,error
/mnt/external.data/TowbinLab/kstojanovski/20210917_Ti2_10x_wBT241_oscillation_auxin_blmp-1_AID_25C_20210917_171019_749/mCherry/analysis/ch1_sobel_str/seg_Time00082_Point0083_Channel575.tiff,egg
/mnt/external.data/TowbinLab/kstojanovski/20220909_crest_10x_yap-1d_wBT125-310_25C_20220909_154052_701/analysis/ch2_sobel_str/seg_Time00151_Point0013_Channel477.tiff,worm
"/mnt/external.data/TowbinLab/jtuomaala/20211211_LIPSI_20x_GFP_levels_ribo_cyto_20211211_221520_043/20211211_221520_043/pad4/analysis/ch1_sobel_str/seg_Time00041_Point0082_ChannelCy3_WF,Brightfield_Seq23521.tiff",worm
/mnt/external.data/TowbinLab/kstojanovski/20221209_Ti2_10x_earlyEggs_wBT160_25C_20221209_130053_455/analysis/ch2_sobel_str/seg_Time00218_Point0161_Channel575.tiff,worm
/mnt/external.data/TowbinLab/jtuomaala/20221206_klement_20201030_wbt64_wbt23_etc/main/pad5/analysis/ch1_sobel_str/seg_Time00067_Point0186_Channel470_nm_Seq14323.tiff,worm
/mnt/external.data/TowbinLab/kstojanovski/20230310_Ti2_10x_vhp-1_338-186_25C_20230310_171704_905/analysis/ch2_sobel_str/seg_Time00096_Point0134_Channel470.tiff,worm
/mnt/external.data/TowbinLab/spradhan/20210716_wBT148_150_Ti2_10x_DR_AL_growth_ribosome/mcherry/analysis/ch1_sobel_str/seg_Time00273_Point0055_Channel470.tiff,error
/mnt/external.data/TowbinLab/spradhan/20210716_wBT148_150_Ti2_10x_DR_AL_growth_ribosome/mcherry/analysis/ch1_sobel_str/seg_Time00153_Point0014_Channel470.tiff,error
/mnt/external.data/TowbinLab/spradhan/20220315_wBT150_DR_titration_and_DR_AL_wBT253_wBT261/pad1/analysis/ch1_sobel_str/seg_Time00307_Point0000_Channel575.tiff,error
"/mnt/external.data/TowbinLab/jtuomaala/20230404_LIPSI_10x_recovery_5d_starved_20230403_153942_262/20230403_153942_262/pad3/analysis/ch1_sobel_str/seg_Time00078_Point0014_ChannelCy3_WF,Brightfield_Seq10299.tiff",worm
/mnt/external.data/TowbinLab/jtuomaala/20211203_Ti2_20x_GFP_decline_wBT148_wBT23_autophagy_deficient_20211203_164210_252/20211203_164210_252/pad1/analysis/ch1_sobel_str/seg_Time00026_Point0065_Channel470_nm_Seq15197.tiff,worm
"/mnt/external.data/TowbinLab/jtuomaala/20220713_LIPSI_20x_starvation_ribo_lmn_sams_20220710_202035_650/20220710_202035_650/pad5/analysis/ch1_sobel_str/seg_Time00048_Point0045_ChannelCy3_WF,Brightfield_Seq42522.tiff",error
"/mnt/external.data/TowbinLab/jtuomaala/20211221_LIPSI_20x_GFP_levels_ribo_cyto_20211221_175954_691/20211221_175954_691/pad5/analysis/ch1_sobel_str/seg_Time00048_Point0139_ChannelCy3_WF,Brightfield_Seq34261.tiff",error
/mnt/external.data/TowbinLab/kstojanovski/20230310_Ti2_10x_vhp-1_338-186_25C_20230310_171704_905/analysis/ch2_sobel_str/seg_Time00057_Point0400_Channel470.tiff,worm
/mnt/external.data/TowbinLab/jtuomaala/20221206_klement_20201030_wbt64_wbt23_etc/main/pad2/analysis/ch1_sobel_str/seg_Time00184_Point0047_Channel470_nm_Seq38871.tiff,worm
/mnt/external.data/TowbinLab/spradhan/20211214_wBT243_wBT262_rpl-22_degron_auxin_10x_Ti2/pad2/analysis/ch1_sobel_str/seg_Time00143_Point0061_Channel470.tiff,error
/mnt/external.data/TowbinLab/jtuomaala/20211203_Ti2_20x_GFP_decline_wBT148_wBT23_autophagy_deficient_20211203_164210_252/20211203_164210_252/pad1/analysis/ch1_sobel_str/seg_Time00032_Point0124_Channel470_nm_Seq18748.tiff,worm
/mnt/external.data/TowbinLab/jtuomaala/20221206_klement_20201030_wbt64_wbt23_etc/main/pad5/analysis/ch1_sobel_str/seg_Time00254_Point0197_Channel470_nm_Seq53791.tiff,worm
/mnt/external.data/TowbinLab/spradhan/20221021_wBT308_repeat2_0mM_1mM_IAA_P0/analysis/ch1_sobel_str/seg_Time00109_Point0086_Channel477.tiff,worm
/mnt/external.data/TowbinLab/kstojanovski/20221209_Ti2_10x_earlyEggs_wBT160_25C_20221209_130053_455/analysis/ch2_sobel_str/seg_Time00248_Point0183_Channel575.tiff,error
"/mnt/external.data/TowbinLab/jtuomaala/20211211_LIPSI_20x_GFP_levels_ribo_cyto_20211211_221520_043/20211211_221520_043/pad2/analysis/ch1_sobel_str/seg_Time00024_Point0094_ChannelCy3_WF,Brightfield_Seq13730.tiff",worm
/mnt/external.data/TowbinLab/jtuomaala/20221206_klement_20201023_wbt64_wbt23_etc/main/pad4/analysis/ch1_sobel_str/seg_Time00331_Point0089_Channel470_nm_Seq34844.tiff,error
/mnt/external.data/TowbinLab/jtuomaala/20220318_Ti2_10x_recovery_20220318_162544_939/20220318_162544_939/pad6/analysis/ch1_sobel_str/seg_Time00083_Point0009_Channel470_nm_Seq19340.tiff,worm
/mnt/external.data/TowbinLab/jtuomaala/20220318_Ti2_10x_recovery_20220318_162544_939/20220318_162544_939/pad1/analysis/ch1_sobel_str/seg_Time00071_Point0048_Channel470_nm_Seq16449.tiff,worm
/mnt/external.data/TowbinLab/spradhan/20210716_wBT148_150_Ti2_10x_DR_AL_growth_ribosome/gfp/analysis/ch1_sobel_str/seg_Time00364_Point0039_Channel470.tiff,error
"/mnt/external.data/TowbinLab/jtuomaala/20211221_LIPSI_20x_GFP_levels_ribo_cyto_20211221_175954_691/20211221_175954_691/pad6/analysis/ch1_sobel_str/seg_Time00049_Point0038_ChannelCy3_WF,Brightfield_Seq35048.tiff",error
/mnt/external.data/TowbinLab/kstojanovski/20221209_Ti2_10x_earlyEggs_wBT160_25C_20221209_130053_455/analysis/ch2_sobel_str/seg_Time00103_Point0159_Channel575.tiff,worm
/mnt/external.data/TowbinLab/jtuomaala/20220318_Ti2_10x_recovery_20220318_162544_939/20220318_162544_939/pad1/analysis/ch1_sobel_str/seg_Time00169_Point0031_Channel470_nm_Seq39070.tiff,worm
"/mnt/external.data/TowbinLab/jtuomaala/20230404_LIPSI_10x_recovery_5d_starved_20230403_153942_262/20230403_153942_262/pad4/analysis/ch1_sobel_str/seg_Time00106_Point0009_ChannelCy3_WF,Brightfield_Seq13996.tiff",worm
/mnt/external.data/TowbinLab/spradhan/20220218_wBT262_parental_auxin_titration_effect_in_progeny_Ti2_10x/pad3/analysis/ch1_sobel_str/seg_Time00218_Point0021_Channel575.tiff,error
/mnt/external.data/TowbinLab/kstojanovski/20210917_Ti2_10x_wBT241_oscillation_auxin_blmp-1_AID_25C_20210917_171019_749/mCherry/analysis/ch1_sobel_str/seg_Time00038_Point0070_Channel575.tiff,worm
/mnt/external.data/TowbinLab/spradhan/20211214_wBT243_wBT262_rpl-22_degron_auxin_10x_Ti2/pad2/analysis/ch1_sobel_str/seg_Time00062_Point0045_Channel470.tiff,worm
/mnt/external.data/TowbinLab/spradhan/20220809_wBT308_auxintreatedparents/analysis/ch1_sobel_str/seg_Time00308_Point0031_Channel470.tiff,error
/mnt/external.data/TowbinLab/spradhan/20220218_wBT262_parental_auxin_titration_effect_in_progeny_Ti2_10x/pad5/analysis/ch1_sobel_str/seg_Time00014_Point0006_Channel575.tiff,egg
"/mnt/external.data/TowbinLab/jtuomaala/20230424_CREST_20x_photobleach_148_n2_ribosomes_20230421_232224_135/20230421_232224_135/pad2/analysis/ch1_sobel_str/seg_Time00071_Point0026_Channel546_nm,Mono_Seq21376.ome.tiff",worm
/mnt/external.data/TowbinLab/jtuomaala/20220318_Ti2_10x_recovery_20220318_162544_939/20220318_162544_939/pad4/analysis/ch1_sobel_str/seg_Time00244_Point0012_Channel470_nm_Seq56506.tiff,error
/mnt/external.data/TowbinLab/jtuomaala/20220511_Ti2_20x_GFP_lmn1_sams1_starvation_PART2_20220508_171356_993/20220508_171356_993/pad2/analysis/ch1_sobel_str/seg_Time00016_Point0017_Channel470_nm_Seq12803.tiff,worm
"/mnt/external.data/TowbinLab/jtuomaala/20220713_LIPSI_20x_starvation_ribo_lmn_sams_20220710_202035_650/20220710_202035_650/pad5/analysis/ch1_sobel_str/seg_Time00060_Point0021_ChannelCy3_WF,Brightfield_Seq52974.tiff",error
/mnt/external.data/TowbinLab/spradhan/20220809_wBT308_auxintreatedparents/analysis/ch1_sobel_str/seg_Time00097_Point0032_Channel470.tiff,worm
"/mnt/external.data/TowbinLab/jtuomaala/20230602_LIPSI_20x_autophagz_deficient_ribosome_decline/20230530_215012_484/pad2/analysis/ch1_sobel_str/seg_Time00026_Point0054_ChannelDummy_Glass_1,Dummy_Glass_2_Seq15403.tiff",worm
/mnt/external.data/TowbinLab/kstojanovski/20221209_Ti2_10x_earlyEggs_wBT160_25C_20221209_130053_455/analysis/ch2_sobel_str/seg_Time00228_Point0083_Channel575.tiff,error
"/mnt/external.data/TowbinLab/jtuomaala/20211221_LIPSI_20x_GFP_levels_ribo_cyto_20211221_175954_691/20211221_175954_691/pad5/analysis/ch1_sobel_str/seg_Time00086_Point0040_ChannelCy3_WF,Brightfield_Seq60838.tiff",worm
/mnt/external.data/TowbinLab/kstojanovski/20210917_Ti2_10x_wBT241_oscillation_auxin_blmp-1_AID_25C_20210917_171019_749/mCherry/analysis/ch1_sobel_str/seg_Time00398_Point0044_Channel575.tiff,worm
/mnt/external.data/TowbinLab/spradhan/20211101_wBT150_wBT253_10x_Ti2_growth/pad1/analysis/ch1_sobel_str/seg_Time00062_Point0012_Channel575.tiff,worm
/mnt/external.data/TowbinLab/kstojanovski/20230602_Orca_10x_16hIAA_wBT160-182-186-190_20230603_091744_737/analysis/ch2_sobel_str/seg_Time00107_Point0042_Channel575.tiff,worm
/mnt/external.data/TowbinLab/jtuomaala/20220318_Ti2_10x_recovery_20220318_162544_939/20220318_162544_939/pad6/analysis/ch1_sobel_str/seg_Time00023_Point0013_Channel470_nm_Seq5484.tiff,worm
/mnt/external.data/TowbinLab/spradhan/20221216_wB261_253/analysis/ch1_sobel_str/seg_Time00030_Point0073_Channel477.tiff,worm
/mnt/external.data/TowbinLab/spradhan/20221012_wBt307_0_50_100uM_IAA/analysis/ch1_sobel_str/seg_Time00173_Point0006_Channel470.tiff,worm
/mnt/external.data/TowbinLab/kstojanovski/20210917_Ti2_10x_wBT241_oscillation_auxin_blmp-1_AID_25C_20210917_171019_749/mCherry/analysis/ch1_sobel_str/seg_Time00272_Point0017_Channel575.tiff,worm
/mnt/external.data/TowbinLab/kstojanovski/20220909_crest_10x_yap-1d_wBT125-310_25C_20220909_154052_701/analysis/ch2_sobel_str/seg_Time00219_Point0020_Channel477.tiff,error
/mnt/external.data/TowbinLab/spradhan/20220218_wBT262_parental_auxin_titration_effect_in_progeny_Ti2_10x/pad5/analysis/ch1_sobel_str/seg_Time00008_Point0010_Channel575.tiff,egg
"/mnt/external.data/TowbinLab/jtuomaala/20220718_LIPSI_10x_recovery_wBT148_180244_769/20220715_180244_769/pad1/analysis/ch1_sobel_str/seg_Time00027_Point0045_ChannelCy3_WF,Brightfield_Seq6390.tiff",worm
"/mnt/external.data/TowbinLab/jtuomaala/20230424_CREST_20x_photobleach_148_n2_ribosomes_20230421_232224_135/20230421_232224_135/pad2/analysis/ch1_sobel_str/seg_Time00103_Point0049_Channel546_nm,Mono_Seq30999.ome.tiff",worm
/mnt/external.data/TowbinLab/kstojanovski/20210917_Ti2_10x_wBT241_oscillation_auxin_blmp-1_AID_25C_20210917_171019_749/mCherry/analysis/ch1_sobel_str/seg_Time00159_Point0047_Channel575.tiff,worm
/mnt/external.data/TowbinLab/jtuomaala/20211203_Ti2_20x_GFP_decline_wBT148_wBT23_autophagy_deficient_20211203_164210_252/20211203_164210_252/pad3/analysis/ch1_sobel_str/seg_Time00053_Point0036_Channel470_nm_Seq31211.tiff,worm
"/mnt/external.data/TowbinLab/jtuomaala/20230602_LIPSI_20x_autophagz_deficient_ribosome_decline/20230530_215012_484/pad4/analysis/ch1_sobel_str/seg_Time00042_Point0065_ChannelDummy_Glass_1,Dummy_Glass_2_Seq25006.tiff",worm
"/mnt/external.data/TowbinLab/jtuomaala/20230424_CREST_20x_photobleach_148_n2_ribosomes_20230421_232224_135/20230421_232224_135/pad3/analysis/ch1_sobel_str/seg_Time00012_Point0038_Channel546_nm,Mono_Seq3738.ome.tiff",worm
/mnt/external.data/TowbinLab/jtuomaala/20221206_klement_20201207_wbt64_wbt23_etc/main/pad5/analysis/ch1_sobel_str/seg_Time00322_Point0088_Channel470_nm_Seq46456.tiff,worm
/mnt/external.data/TowbinLab/jtuomaala/20221206_klement_20201023_wbt64_wbt23_etc/main/pad5/analysis/ch1_sobel_str/seg_Time00083_Point0098_Channel470_nm_Seq8813.tiff,worm
/mnt/external.data/TowbinLab/kstojanovski/20220909_crest_10x_yap-1d_wBT125-310_25C_20220909_154052_701/analysis/ch2_sobel_str/seg_Time00362_Point0010_Channel477.tiff,error
/mnt/external.data/TowbinLab/spradhan/20220315_wBT150_DR_titration_and_DR_AL_wBT253_wBT261/pad1/analysis/ch1_sobel_str/seg_Time00138_Point0030_Channel575.tiff,worm
/mnt/external.data/TowbinLab/spradhan/20220218_wBT262_parental_auxin_titration_effect_in_progeny_Ti2_10x/pad1/analysis/ch1_sobel_str/seg_Time00294_Point0000_Channel575.tiff,egg
/mnt/external.data/TowbinLab/jtuomaala/20220318_Ti2_10x_recovery_20220318_162544_939/20220318_162544_939/pad4/analysis/ch1_sobel_str/seg_Time00066_Point0011_Channel470_nm_Seq15387.tiff,worm
"/mnt/external.data/TowbinLab/jtuomaala/20211211_LIPSI_20x_GFP_levels_ribo_cyto_20211211_221520_043/20211211_221520_043/pad2/analysis/ch1_sobel_str/seg_Time00039_Point0035_ChannelCy3_WF,Brightfield_Seq22131.tiff",worm
/mnt/external.data/TowbinLab/spradhan/20220315_wBT150_DR_titration_and_DR_AL_wBT253_wBT261/pad1/analysis/ch1_sobel_str/seg_Time00301_Point0029_Channel575.tiff,error
/mnt/external.data/TowbinLab/spradhan/20220809_wBT308_auxintreatedparents/analysis/ch1_sobel_str/seg_Time00198_Point0119_Channel470.tiff,error
/mnt/external.data/TowbinLab/spradhan/20220218_wBT262_parental_auxin_titration_effect_in_progeny_Ti2_10x/pad1/analysis/ch1_sobel_str/seg_Time00117_Point0007_Channel575.tiff,worm
"/mnt/external.data/TowbinLab/jtuomaala/20211221_LIPSI_20x_GFP_levels_ribo_cyto_20211221_175954_691/20211221_175954_691/pad1/analysis/ch1_sobel_str/seg_Time00005_Point0123_ChannelCy3_WF,Brightfield_Seq3633.tiff",worm
/mnt/external.data/TowbinLab/jtuomaala/20220511_Ti2_20x_GFP_lmn1_sams1_starvation_PART2_20220508_171356_993/20220508_171356_993/pad1/analysis/ch1_sobel_str/seg_Time00012_Point0110_Channel470_nm_Seq9590.tiff,worm
"/mnt/external.data/TowbinLab/jtuomaala/20220713_LIPSI_20x_starvation_ribo_lmn_sams_20220710_202035_650/20220710_202035_650/pad4/analysis/ch1_sobel_str/seg_Time00029_Point0143_ChannelCy3_WF,Brightfield_Seq25883.tiff",worm
"/mnt/external.data/TowbinLab/jtuomaala/20230404_LIPSI_10x_recovery_5d_starved_20230403_153942_262/20230403_153942_262/pad4/analysis/ch1_sobel_str/seg_Time00043_Point0014_ChannelCy3_WF,Brightfield_Seq5748.tiff",worm
/mnt/external.data/TowbinLab/spradhan/20221216_wB261_253/analysis/ch1_sobel_str/seg_Time00143_Point0082_Channel477.tiff,worm
/mnt/external.data/TowbinLab/spradhan/20211214_wBT243_wBT262_rpl-22_degron_auxin_10x_Ti2/pad1/analysis/ch1_sobel_str/seg_Time00256_Point0013_Channel470.tiff,worm
"/mnt/external.data/TowbinLab/jtuomaala/20220718_LIPSI_10x_recovery_wBT148_180244_769/20220715_180244_769/pad3/analysis/ch1_sobel_str/seg_Time00020_Point0000_ChannelCy3_WF,Brightfield_Seq4767.tiff",error
"/mnt/external.data/TowbinLab/jtuomaala/20220914_LIPSI_20x_recovery_3d_20220912_190116_949/20220912_190116_949/pad3/analysis/ch1_sobel_str/seg_Time00054_Point0019_ChannelCy3_WF,Brightfield_Seq5799.tiff",worm
"/mnt/external.data/TowbinLab/jtuomaala/20211221_LIPSI_20x_GFP_levels_ribo_cyto_20211221_175954_691/20211221_175954_691/pad5/analysis/ch1_sobel_str/seg_Time00036_Point0042_ChannelCy3_WF,Brightfield_Seq25740.tiff",error
/mnt/external.data/TowbinLab/kstojanovski/20220909_crest_10x_yap-1d_wBT125-310_25C_20220909_154052_701/analysis/ch2_sobel_str/seg_Time00105_Point0039_Channel477.tiff,error
/mnt/external.data/TowbinLab/spradhan/20211214_wBT243_wBT262_rpl-22_degron_auxin_10x_Ti2/pad5/analysis/ch1_sobel_str/seg_Time00094_Point0047_Channel470.tiff,worm
/mnt/external.data/TowbinLab/kstojanovski/20210917_Ti2_10x_wBT241_oscillation_auxin_blmp-1_AID_25C_20210917_171019_749/mCherry/analysis/ch1_sobel_str/seg_Time00374_Point0098_Channel575.tiff,worm
"/mnt/external.data/TowbinLab/jtuomaala/20211211_LIPSI_20x_GFP_levels_ribo_cyto_20211211_221520_043/20211211_221520_043/pad3/analysis/ch1_sobel_str/seg_Time00013_Point0106_ChannelCy3_WF,Brightfield_Seq7638.tiff",worm
"/mnt/external.data/TowbinLab/jtuomaala/20211221_LIPSI_20x_GFP_levels_ribo_cyto_20211221_175954_691/20211221_175954_691/pad4/analysis/ch1_sobel_str/seg_Time00144_Point0041_ChannelCy3_WF,Brightfield_Seq101430.tiff",error
/mnt/external.data/TowbinLab/kstojanovski/20230602_Orca_10x_16hIAA_wBT160-182-186-190_20230603_091744_737/analysis/ch2_sobel_str/seg_Time00205_Point0148_Channel575.tiff,worm
/mnt/external.data/TowbinLab/spradhan/20211214_wBT243_wBT262_rpl-22_degron_auxin_10x_Ti2/pad6/analysis/ch1_sobel_str/seg_Time00212_Point0024_Channel470.tiff,worm
/mnt/external.data/TowbinLab/spradhan/20211214_wBT243_wBT262_rpl-22_degron_auxin_10x_Ti2/pad4/analysis/ch1_sobel_str/seg_Time00020_Point0023_Channel470.tiff,worm
"/mnt/external.data/TowbinLab/jtuomaala/20230529_CREST_20x_photobleach4/20230529_175259_376/pad1/analysis/ch1_sobel_str/seg_Time00035_Point0052_Channel546_nm,Mono_Seq12652.ome.tiff",worm
/mnt/external.data/TowbinLab/jtuomaala/classifiers/Fake_experiment_for_training_L1_classification/fake/pad1/analysis/ch1_sobel_str/seg_Time0000_Point548_Seq548.tiff,egg
"/mnt/external.data/TowbinLab/jtuomaala/20230529_CREST_20x_photobleach4/20230529_175259_376/pad3/analysis/ch1_sobel_str/seg_Time00048_Point0038_Channel546_nm,Mono_Seq17438.ome.tiff",worm
/mnt/external.data/TowbinLab/jtuomaala/20221206_klement_20201023_wbt64_wbt23_etc/main/pad1/analysis/ch1_sobel_str/seg_Time00170_Point0002_Channel470_nm_Seq17852.tiff,egg
/mnt/external.data/TowbinLab/jtuomaala/20220511_Ti2_20x_GFP_lmn1_sams1_starvation_PART2_20220508_171356_993/20220508_171356_993/pad2/analysis/ch1_sobel_str/seg_Time00034_Point0128_Channel470_nm_Seq27134.tiff,worm
/mnt/external.data/TowbinLab/spradhan/20211214_wBT243_wBT262_rpl-22_degron_auxin_10x_Ti2/pad6/analysis/ch1_sobel_str/seg_Time00272_Point0043_Channel470.tiff,error
/mnt/external.data/TowbinLab/kstojanovski/20221209_Ti2_10x_earlyEggs_wBT160_25C_20221209_130053_455/analysis/ch2_sobel_str/seg_Time00079_Point0182_Channel575.tiff,worm
/mnt/external.data/TowbinLab/spradhan/20220809_wBT308_auxintreatedparents/analysis/ch1_sobel_str/seg_Time00270_Point0016_Channel470.tiff,error
"/mnt/external.data/TowbinLab/jtuomaala/20220713_LIPSI_20x_starvation_ribo_lmn_sams_20220710_202035_650/20220710_202035_650/pad6/analysis/ch1_sobel_str/seg_Time00000_Point0011_ChannelCy3_WF,Brightfield_Seq0734.tiff",error
"/mnt/external.data/TowbinLab/jtuomaala/20220718_LIPSI_10x_recovery_wBT148_180244_769/20220715_180244_769/pad3/analysis/ch1_sobel_str/seg_Time00117_Point0036_ChannelCy3_WF,Brightfield_Seq27598.tiff",worm
"/mnt/external.data/TowbinLab/jtuomaala/20220914_LIPSI_20x_recovery_3d_20220912_190116_949/20220912_190116_949/pad3/analysis/ch1_sobel_str/seg_Time00093_Point0022_ChannelCy3_WF,Brightfield_Seq9936.tiff",worm
/mnt/external.data/TowbinLab/spradhan/20220809_wBT308_auxintreatedparents/analysis/ch1_sobel_str/seg_Time00230_Point0020_Channel470.tiff,worm
/mnt/external.data/TowbinLab/kstojanovski/20230310_Ti2_10x_vhp-1_338-186_25C_20230310_171704_905/analysis/ch2_sobel_str/seg_Time00012_Point0197_Channel470.tiff,error
"/mnt/external.data/TowbinLab/jtuomaala/20220713_LIPSI_20x_starvation_ribo_lmn_sams_20220710_202035_650/20220710_202035_650/pad5/analysis/ch1_sobel_str/seg_Time00009_Point0013_ChannelCy3_WF,Brightfield_Seq8443.tiff",error
"/mnt/external.data/TowbinLab/jtuomaala/20211221_LIPSI_20x_GFP_levels_ribo_cyto_20211221_175954_691/20211221_175954_691/pad2/analysis/ch1_sobel_str/seg_Time00116_Point0002_ChannelCy3_WF,Brightfield_Seq81600.tiff",worm
/mnt/external.data/TowbinLab/kstojanovski/20230310_Ti2_10x_vhp-1_338-186_25C_20230310_171704_905/analysis/ch2_sobel_str/seg_Time00034_Point0015_Channel470.tiff,worm
/mnt/external.data/TowbinLab/spradhan/20220913_wB307_L1_recovery_0_500_1000IAA/analysis/ch1_sobel_str/seg_Time00478_Point0002_Channel470.tiff,error
/mnt/external.data/TowbinLab/kstojanovski/20220401_Ti2_20x_160-182-190_pumping_25C_20220401_173300_429/analysis/ch2_sobel_str/seg_Time00012_Point0057_Channel470.tiff,error
/mnt/external.data/TowbinLab/kstojanovski/20220401_Ti2_20x_160-182-190_pumping_25C_20220401_173300_429/analysis/ch2_sobel_str/seg_Time00205_Point0020_Channel470.tiff,worm
"/mnt/external.data/TowbinLab/jtuomaala/20211221_LIPSI_20x_GFP_levels_ribo_cyto_20211221_175954_691/20211221_175954_691/pad2/analysis/ch1_sobel_str/seg_Time00123_Point0011_ChannelCy3_WF,Brightfield_Seq86523.tiff",error
"/mnt/external.data/TowbinLab/jtuomaala/20211221_LIPSI_20x_GFP_levels_ribo_cyto_20211221_175954_691/20211221_175954_691/pad1/analysis/ch1_sobel_str/seg_Time00003_Point0141_ChannelCy3_WF,Brightfield_Seq2247.tiff",worm
/mnt/external.data/TowbinLab/kstojanovski/20210917_Ti2_10x_wBT241_oscillation_auxin_blmp-1_AID_25C_20210917_171019_749/mCherry/analysis/ch1_sobel_str/seg_Time00342_Point0082_Channel575.tiff,error
/mnt/external.data/TowbinLab/kstojanovski/20230602_Orca_10x_16hIAA_wBT160-182-186-190_20230603_091744_737/analysis/ch2_sobel_str/seg_Time00244_Point0117_Channel575.tiff,error
/mnt/external.data/TowbinLab/jtuomaala/20221206_klement_20201207_wbt64_wbt23_etc/main/pad2/analysis/ch1_sobel_str/seg_Time00372_Point0023_Channel470_nm_Seq53591.tiff,error
/mnt/external.data/TowbinLab/spradhan/20211214_wBT243_wBT262_rpl-22_degron_auxin_10x_Ti2/pad1/analysis/ch1_sobel_str/seg_Time00150_Point0041_Channel470.tiff,error
"/mnt/external.data/TowbinLab/jtuomaala/20220124_LIPSI_20x_GFP_ribosomes_starvation_20220121_171637_367/20220121_171637_367/pad1/analysis/ch1_sobel_str/seg_Time00027_Point0074_ChannelCy3_WF,Brightfield_Seq11117.tiff",worm
/mnt/external.data/TowbinLab/spradhan/20211112_wBT261_wBT253_10x_Ti2_growth_2_20211112_172054_504/pad1/analysis/ch1_sobel_str/seg_Time00259_Point0070_Channel470.tiff,egg
"/mnt/external.data/TowbinLab/jtuomaala/20211221_LIPSI_20x_GFP_levels_ribo_cyto_20211221_175954_691/20211221_175954_691/pad4/analysis/ch1_sobel_str/seg_Time00101_Point0079_ChannelCy3_WF,Brightfield_Seq71282.tiff",worm
"/mnt/external.data/TowbinLab/jtuomaala/20211221_LIPSI_20x_GFP_levels_ribo_cyto_20211221_175954_691/20211221_175954_691/pad6/analysis/ch1_sobel_str/seg_Time00131_Point0031_ChannelCy3_WF,Brightfield_Seq92605.tiff",worm
/mnt/external.data/TowbinLab/jtuomaala/20220318_Ti2_10x_recovery_20220318_162544_939/20220318_162544_939/pad3/analysis/ch1_sobel_str/seg_Time00265_Point0020_Channel470_nm_Seq61317.tiff,worm
"/mnt/external.data/TowbinLab/jtuomaala/20230602_LIPSI_20x_autophagz_deficient_ribosome_decline/20230530_215012_484/pad5/analysis/ch1_sobel_str/seg_Time00055_Point0038_ChannelDummy_Glass_1,Dummy_Glass_2_Seq32710.tiff",worm
/mnt/external.data/TowbinLab/kstojanovski/20230602_Orca_10x_16hIAA_wBT160-182-186-190_20230603_091744_737/analysis/ch2_sobel_str/seg_Time00127_Point0092_Channel575.tiff,worm
/mnt/external.data/TowbinLab/spradhan/20221021_wBT308_repeat2_0mM_1mM_IAA_P0/analysis/ch1_sobel_str/seg_Time00258_Point0034_Channel477.tiff,error
/mnt/external.data/TowbinLab/jtuomaala/classifiers/Fake_experiment_for_training_L1_classification/fake/pad1/analysis/ch1_sobel_str/seg_Time0000_Point1089_Seq1089.tiff,worm
/mnt/external.data/TowbinLab/spradhan/20210716_wBT148_150_Ti2_10x_DR_AL_growth_ribosome/gfp/analysis/ch1_sobel_str/seg_Time00109_Point0066_Channel470.tiff,worm
/mnt/external.data/TowbinLab/jtuomaala/20221206_klement_20201005_wbt64_wbt23_etc/main/pad6/analysis/ch1_sobel_str/seg_Time00041_Point0113_Channel470_nm_Seq5074.tiff,egg
"/mnt/external.data/TowbinLab/jtuomaala/20211211_LIPSI_20x_GFP_levels_ribo_cyto_20211211_221520_043/20211211_221520_043/pad4/analysis/ch1_sobel_str/seg_Time00023_Point0025_ChannelCy3_WF,Brightfield_Seq13312.tiff",worm
/mnt/external.data/TowbinLab/jtuomaala/20211203_Ti2_20x_GFP_decline_wBT148_wBT23_autophagy_deficient_20211203_164210_252/20211203_164210_252/pad1/analysis/ch1_sobel_str/seg_Time00023_Point0074_Channel470_nm_Seq13460.tiff,error
/mnt/external.data/TowbinLab/spradhan/20221216_wB261_253/analysis/ch1_sobel_str/seg_Time00359_Point0079_Channel477.tiff,worm
/mnt/external.data/TowbinLab/spradhan/20221109_wBT308_auxintreatedparents_1mM_0mM/analysis/ch1_sobel_str/seg_Time00049_Point0181_Channel470.tiff,worm
/mnt/external.data/TowbinLab/spradhan/20220218_wBT262_parental_auxin_titration_effect_in_progeny_Ti2_10x/pad3/analysis/ch1_sobel_str/seg_Time00216_Point0038_Channel575.tiff,worm
/mnt/external.data/TowbinLab/spradhan/20221216_wB261_253/analysis/ch1_sobel_str/seg_Time00102_Point0104_Channel477.tiff,worm
/mnt/external.data/TowbinLab/spradhan/20221109_wBT308_auxintreatedparents_1mM_0mM/analysis/ch1_sobel_str/seg_Time00172_Point0064_Channel470.tiff,error
"/mnt/external.data/TowbinLab/jtuomaala/20220713_LIPSI_20x_starvation_ribo_lmn_sams_20220710_202035_650/20220710_202035_650/pad1/analysis/ch1_sobel_str/seg_Time00006_Point0037_ChannelCy3_WF,Brightfield_Seq5275.tiff",worm
/mnt/external.data/TowbinLab/spradhan/20211214_wBT243_wBT262_rpl-22_degron_auxin_10x_Ti2/pad3/analysis/ch1_sobel_str/seg_Time00156_Point0048_Channel470.tiff,error
/mnt/external.data/TowbinLab/spradhan/20211214_wBT243_wBT262_rpl-22_degron_auxin_10x_Ti2/pad5/analysis/ch1_sobel_str/seg_Time00077_Point0025_Channel470.tiff,worm
/mnt/external.data/TowbinLab/spradhan/20221012_wBt307_0_50_100uM_IAA/analysis/ch1_sobel_str/seg_Time00082_Point0078_Channel470.tiff,worm
/mnt/external.data/TowbinLab/jtuomaala/20221206_klement_20201005_wbt64_wbt23_etc/main/pad4/analysis/ch1_sobel_str/seg_Time00059_Point0055_Channel470_nm_Seq7194.tiff,egg
"/mnt/external.data/TowbinLab/jtuomaala/20211221_LIPSI_20x_GFP_levels_ribo_cyto_20211221_175954_691/20211221_175954_691/pad4/analysis/ch1_sobel_str/seg_Time00141_Point0107_ChannelCy3_WF,Brightfield_Seq99390.tiff",worm
/mnt/external.data/TowbinLab/spradhan/20221216_wB261_253/analysis/ch1_sobel_str/seg_Time00350_Point0035_Channel477.tiff,error
/mnt/external.data/TowbinLab/spradhan/20211214_wBT243_wBT262_rpl-22_degron_auxin_10x_Ti2/pad1/analysis/ch1_sobel_str/seg_Time00106_Point0056_Channel470.tiff,worm
"/mnt/external.data/TowbinLab/jtuomaala/20220713_LIPSI_20x_starvation_ribo_lmn_sams_20220710_202035_650/20220710_202035_650/pad1/analysis/ch1_sobel_str/seg_Time00018_Point0097_ChannelCy3_WF,Brightfield_Seq15811.tiff",worm
"/mnt/external.data/TowbinLab/jtuomaala/20220713_LIPSI_20x_starvation_ribo_lmn_sams_20220710_202035_650/20220710_202035_650/pad2/analysis/ch1_sobel_str/seg_Time00022_Point0033_ChannelCy3_WF,Brightfield_Seq19389.tiff",error
/mnt/external.data/TowbinLab/spradhan/20211112_wBT261_wBT253_10x_Ti2_growth_2_20211112_172054_504/pad1/analysis/ch1_sobel_str/seg_Time00041_Point0079_Channel470.tiff,egg
"/mnt/external.data/TowbinLab/jtuomaala/20220914_LIPSI_20x_recovery_3d_20220912_190116_949/20220912_190116_949/pad4/analysis/ch1_sobel_str/seg_Time00123_Point0006_ChannelCy3_WF,Brightfield_Seq13128.tiff",worm
/mnt/external.data/TowbinLab/spradhan/20220315_wBT150_DR_titration_and_DR_AL_wBT253_wBT261/pad1/analysis/ch1_sobel_str/seg_Time00088_Point0001_Channel575.tiff,worm
/mnt/external.data/TowbinLab/jtuomaala/20221206_klement_20201030_wbt64_wbt23_etc/main/pad2/analysis/ch1_sobel_str/seg_Time00063_Point0036_Channel470_nm_Seq13329.tiff,worm
"/mnt/external.data/TowbinLab/jtuomaala/20211221_LIPSI_20x_GFP_levels_ribo_cyto_20211221_175954_691/20211221_175954_691/pad6/analysis/ch1_sobel_str/seg_Time00055_Point0038_ChannelCy3_WF,Brightfield_Seq39260.tiff",worm
/mnt/external.data/TowbinLab/spradhan/20221021_wBT308_repeat2_0mM_1mM_IAA_P0/analysis/ch1_sobel_str/seg_Time00077_Point0073_Channel477.tiff,worm
"/mnt/external.data/TowbinLab/jtuomaala/20230602_LIPSI_20x_autophagz_deficient_ribosome_decline/20230530_215012_484/pad3/analysis/ch1_sobel_str/seg_Time00033_Point0056_ChannelDummy_Glass_1,Dummy_Glass_2_Seq19614.tiff",worm
/mnt/external.data/TowbinLab/spradhan/20221109_wBT308_auxintreatedparents_1mM_0mM/analysis/ch1_sobel_str/seg_Time00053_Point0168_Channel470.tiff,worm
"/mnt/external.data/TowbinLab/jtuomaala/20211221_LIPSI_20x_GFP_levels_ribo_cyto_20211221_175954_691/20211221_175954_691/pad1/analysis/ch1_sobel_str/seg_Time00058_Point0118_ChannelCy3_WF,Brightfield_Seq40834.tiff",worm
"/mnt/external.data/TowbinLab/jtuomaala/20230404_LIPSI_10x_recovery_5d_starved_20230403_153942_262/20230403_153942_262/pad3/analysis/ch1_sobel_str/seg_Time00057_Point0000_ChannelCy3_WF,Brightfield_Seq7534.tiff",worm
/mnt/external.data/TowbinLab/jtuomaala/20221206_klement_20201023_wbt64_wbt23_etc/main/pad5/analysis/ch1_sobel_str/seg_Time00168_Point0091_Channel470_nm_Seq17731.tiff,error
/mnt/external.data/TowbinLab/spradhan/20220913_wB307_L1_recovery_0_500_1000IAA/analysis/ch1_sobel_str/seg_Time00118_Point0079_Channel470.tiff,worm
"/mnt/external.data/TowbinLab/jtuomaala/20211221_LIPSI_20x_GFP_levels_ribo_cyto_20211221_175954_691/20211221_175954_691/pad5/analysis/ch1_sobel_str/seg_Time00122_Point0004_ChannelCy3_WF,Brightfield_Seq86074.tiff",worm
/mnt/external.data/TowbinLab/jtuomaala/20211203_Ti2_20x_GFP_decline_wBT148_wBT23_autophagy_deficient_20211203_164210_252/20211203_164210_252/pad1/analysis/ch1_sobel_str/seg_Time00020_Point0051_Channel470_nm_Seq11691.tiff,worm
/mnt/external.data/TowbinLab/kstojanovski/20221209_Ti2_10x_earlyEggs_wBT160_25C_20221209_130053_455/analysis/ch2_sobel_str/seg_Time00080_Point0188_Channel575.tiff,worm
"/mnt/external.data/TowbinLab/jtuomaala/20230602_LIPSI_20x_autophagz_deficient_ribosome_decline/20230530_215012_484/pad3/analysis/ch1_sobel_str/seg_Time00048_Point0045_ChannelDummy_Glass_1,Dummy_Glass_2_Seq28408.tiff",worm
/mnt/external.data/TowbinLab/spradhan/20220809_wBT308_auxintreatedparents/analysis/ch1_sobel_str/seg_Time00224_Point0126_Channel470.tiff,worm
/mnt/external.data/TowbinLab/spradhan/20220218_wBT262_parental_auxin_titration_effect_in_progeny_Ti2_10x/pad5/analysis/ch1_sobel_str/seg_Time00251_Point0002_Channel575.tiff,worm
/mnt/external.data/TowbinLab/jtuomaala/20220318_Ti2_10x_recovery_20220318_162544_939/20220318_162544_939/pad3/analysis/ch1_sobel_str/seg_Time00245_Point0039_Channel470_nm_Seq56716.tiff,error
/mnt/external.data/TowbinLab/spradhan/20221216_wB261_253/analysis/ch1_sobel_str/seg_Time00019_Point0039_Channel477.tiff,error
/mnt/external.data/TowbinLab/spradhan/20221216_wB261_253/analysis/ch1_sobel_str/seg_Time00143_Point0035_Channel477.tiff,error
"/mnt/external.data/TowbinLab/jtuomaala/20211221_LIPSI_20x_GFP_levels_ribo_cyto_20211221_175954_691/20211221_175954_691/pad3/analysis/ch1_sobel_str/seg_Time00124_Point0015_ChannelCy3_WF,Brightfield_Seq87340.tiff",worm
"/mnt/external.data/TowbinLab/jtuomaala/20211221_LIPSI_20x_GFP_levels_ribo_cyto_20211221_175954_691/20211221_175954_691/pad5/analysis/ch1_sobel_str/seg_Time00039_Point0060_ChannelCy3_WF,Brightfield_Seq27864.tiff",error
"/mnt/external.data/TowbinLab/jtuomaala/20230424_CREST_20x_photobleach_148_n2_ribosomes_20230421_232224_135/20230421_232224_135/pad4/analysis/ch1_sobel_str/seg_Time00137_Point0019_Channel546_nm,Mono_Seq41269.ome.tiff",worm
/mnt/external.data/TowbinLab/spradhan/20220809_wBT308_auxintreatedparents/analysis/ch1_sobel_str/seg_Time00056_Point0143_Channel470.tiff,worm
/mnt/external.data/TowbinLab/jtuomaala/20211203_Ti2_20x_GFP_decline_wBT148_wBT23_autophagy_deficient_20211203_164210_252/20211203_164210_252/pad1/analysis/ch1_sobel_str/seg_Time00011_Point0049_Channel470_nm_Seq6451.tiff,worm
/mnt/external.data/TowbinLab/spradhan/20211112_wBT261_wBT253_10x_Ti2_growth_2_20211112_172054_504/pad1/analysis/ch1_sobel_str/seg_Time00039_Point0070_Channel470.tiff,error
/mnt/external.data/TowbinLab/jtuomaala/20221206_klement_20201207_wbt64_wbt23_etc/main/pad3/analysis/ch1_sobel_str/seg_Time00164_Point0046_Channel470_nm_Seq23662.tiff,egg
/mnt/external.data/TowbinLab/kstojanovski/20210917_Ti2_10x_wBT241_oscillation_auxin_blmp-1_AID_25C_20210917_171019_749/mCherry/analysis/ch1_sobel_str/seg_Time00248_Point0084_Channel575.tiff,worm
"/mnt/external.data/TowbinLab/jtuomaala/20211211_LIPSI_20x_GFP_levels_ribo_cyto_20211211_221520_043/20211211_221520_043/pad1/analysis/ch1_sobel_str/seg_Time00018_Point0066_ChannelCy3_WF,Brightfield_Seq10218.tiff",worm
/mnt/external.data/TowbinLab/spradhan/20220218_wBT262_parental_auxin_titration_effect_in_progeny_Ti2_10x/pad3/analysis/ch1_sobel_str/seg_Time00086_Point0038_Channel575.tiff,worm
/mnt/external.data/TowbinLab/spradhan/20221021_wBT308_repeat2_0mM_1mM_IAA_P0/analysis/ch1_sobel_str/seg_Time00112_Point0033_Channel477.tiff,worm
/mnt/external.data/TowbinLab/spradhan/20210716_wBT148_150_Ti2_10x_DR_AL_growth_ribosome/gfp/analysis/ch1_sobel_str/seg_Time00097_Point0053_Channel470.tiff,worm
"/mnt/external.data/TowbinLab/jtuomaala/20211221_LIPSI_20x_GFP_levels_ribo_cyto_20211221_175954_691/20211221_175954_691/pad5/analysis/ch1_sobel_str/seg_Time00118_Point0166_ChannelCy3_WF,Brightfield_Seq83428.tiff",error
"/mnt/external.data/TowbinLab/jtuomaala/20230424_CREST_20x_photobleach_148_n2_ribosomes_20230421_232224_135/20230421_232224_135/pad6/analysis/ch1_sobel_str/seg_Time00116_Point0030_Channel546_nm,Mono_Seq35080.ome.tiff",error
"/mnt/external.data/TowbinLab/jtuomaala/20211211_LIPSI_20x_GFP_levels_ribo_cyto_20211211_221520_043/20211211_221520_043/pad1/analysis/ch1_sobel_str/seg_Time00006_Point0066_ChannelCy3_WF,Brightfield_Seq3450.tiff",error
"/mnt/external.data/TowbinLab/jtuomaala/20220713_LIPSI_20x_starvation_ribo_lmn_sams_20220710_202035_650/20220710_202035_650/pad6/analysis/ch1_sobel_str/seg_Time00030_Point0127_ChannelCy3_WF,Brightfield_Seq27040.tiff",error
"/mnt/external.data/TowbinLab/jtuomaala/20220318_LIPSI_10x_recovery_20220318_215149_300/20220318_215149_300/pad6/analysis/ch1_sobel_str/seg_Time00146_Point0023_ChannelCy3_WF,Brightfield_Seq35544.tiff",error
/mnt/external.data/TowbinLab/jtuomaala/20220511_Ti2_20x_GFP_lmn1_sams1_starvation_PART2_20220508_171356_993/20220508_171356_993/pad4/analysis/ch1_sobel_str/seg_Time00052_Point0110_Channel470_nm_Seq41622.tiff,error
/mnt/external.data/TowbinLab/spradhan/20211112_wBT261_wBT253_10x_Ti2_growth_2_20211112_172054_504/pad2/analysis/ch1_sobel_str/seg_Time00148_Point0049_Channel470.tiff,worm
/mnt/external.data/TowbinLab/jtuomaala/20220511_Ti2_20x_GFP_lmn1_sams1_starvation_PART2_20220508_171356_993/20220508_171356_993/pad2/analysis/ch1_sobel_str/seg_Time00021_Point0082_Channel470_nm_Seq16818.tiff,worm
"/mnt/external.data/TowbinLab/jtuomaala/20211221_LIPSI_20x_GFP_levels_ribo_cyto_20211221_175954_691/20211221_175954_691/pad4/analysis/ch1_sobel_str/seg_Time00058_Point0030_ChannelCy3_WF,Brightfield_Seq41047.tiff",worm
/mnt/external.data/TowbinLab/jtuomaala/20221206_klement_20201207_wbt64_wbt23_etc/main/pad4/analysis/ch1_sobel_str/seg_Time00305_Point0058_Channel470_nm_Seq43978.tiff,error
/mnt/external.data/TowbinLab/spradhan/20210716_wBT148_150_Ti2_10x_DR_AL_growth_ribosome/mcherry/analysis/ch1_sobel_str/seg_Time00003_Point0067_Channel470.tiff,egg
/mnt/external.data/TowbinLab/jtuomaala/20221206_klement_20201207_wbt64_wbt23_etc/main/pad4/analysis/ch1_sobel_str/seg_Time00408_Point0064_Channel470_nm_Seq58816.tiff,egg
"/mnt/external.data/TowbinLab/jtuomaala/20220718_LIPSI_10x_recovery_wBT148_180244_769/20220715_180244_769/pad2/analysis/ch1_sobel_str/seg_Time00042_Point0000_ChannelCy3_WF,Brightfield_Seq9921.tiff",worm
/mnt/external.data/TowbinLab/kstojanovski/20221209_Ti2_10x_earlyEggs_wBT160_25C_20221209_130053_455/analysis/ch2_sobel_str/seg_Time00222_Point0108_Channel575.tiff,worm
/mnt/external.data/TowbinLab/kstojanovski/20230602_Orca_10x_16hIAA_wBT160-182-186-190_20230603_091744_737/analysis/ch2_sobel_str/seg_Time00252_Point0125_Channel575.tiff,worm
/mnt/external.data/TowbinLab/spradhan/20211214_wBT243_wBT262_rpl-22_degron_auxin_10x_Ti2/pad4/analysis/ch1_sobel_str/seg_Time00283_Point0048_Channel470.tiff,error
"/mnt/external.data/TowbinLab/jtuomaala/20220718_LIPSI_10x_recovery_wBT148_180244_769/20220715_180244_769/pad1/analysis/ch1_sobel_str/seg_Time00061_Point0030_ChannelCy3_WF,Brightfield_Seq14365.tiff",worm
/mnt/external.data/TowbinLab/kstojanovski/20230602_Orca_10x_16hIAA_wBT160-182-186-190_20230603_091744_737/analysis/ch2_sobel_str/seg_Time00234_Point0143_Channel575.tiff,worm
"/mnt/external.data/TowbinLab/jtuomaala/20211211_LIPSI_20x_GFP_levels_ribo_cyto_20211211_221520_043/20211211_221520_043/pad3/analysis/ch1_sobel_str/seg_Time00004_Point0066_ChannelCy3_WF,Brightfield_Seq2522.tiff",error
/mnt/external.data/TowbinLab/spradhan/20221109_wBT308_auxintreatedparents_1mM_0mM/analysis/ch1_sobel_str/seg_Time00178_Point0059_Channel470.tiff,error
"/mnt/external.data/TowbinLab/jtuomaala/20230327_ribo_photobleach_20230325_213613_352/20230325_213613_352/pad4/analysis/ch1_sobel_str/seg_Time00014_Point0033_Channel546_nm,Mono_Seq7076.ome.tiff",worm
"/mnt/external.data/TowbinLab/jtuomaala/20220718_LIPSI_10x_recovery_wBT148_180244_769/20220715_180244_769/pad3/analysis/ch1_sobel_str/seg_Time00084_Point0003_ChannelCy3_WF,Brightfield_Seq19810.tiff",worm
"/mnt/external.data/TowbinLab/jtuomaala/20230424_CREST_20x_photobleach_148_n2_ribosomes_20230421_232224_135/20230421_232224_135/pad3/analysis/ch1_sobel_str/seg_Time00027_Point0025_Channel546_nm,Mono_Seq8225.ome.tiff",worm
/mnt/external.data/TowbinLab/spradhan/20210716_wBT148_150_Ti2_10x_DR_AL_growth_ribosome/mcherry/analysis/ch1_sobel_str/seg_Time00031_Point0060_Channel470.tiff,error
"/mnt/external.data/TowbinLab/jtuomaala/20211221_LIPSI_20x_GFP_levels_ribo_cyto_20211221_175954_691/20211221_175954_691/pad4/analysis/ch1_sobel_str/seg_Time00129_Point0103_ChannelCy3_WF,Brightfield_Seq90962.tiff",worm
/mnt/external.data/TowbinLab/jtuomaala/20220318_Ti2_10x_recovery_20220318_162544_939/20220318_162544_939/pad3/analysis/ch1_sobel_str/seg_Time00277_Point0036_Channel470_nm_Seq64105.tiff,worm
/mnt/external.data/TowbinLab/spradhan/20220218_wBT262_parental_auxin_titration_effect_in_progeny_Ti2_10x/pad6/analysis/ch1_sobel_str/seg_Time00240_Point0004_Channel575.tiff,error
/mnt/external.data/TowbinLab/spradhan/20220809_wBT308_auxintreatedparents/analysis/ch1_sobel_str/seg_Time00296_Point0145_Channel470.tiff,error
/mnt/external.data/TowbinLab/spradhan/20210716_wBT148_150_Ti2_10x_DR_AL_growth_ribosome/gfp/analysis/ch1_sobel_str/seg_Time00345_Point0016_Channel470.tiff,error
/mnt/external.data/TowbinLab/jtuomaala/20221206_klement_20201030_wbt64_wbt23_etc/main/pad5/analysis/ch1_sobel_str/seg_Time00240_Point0143_Channel470_nm_Seq50783.tiff,worm
"/mnt/external.data/TowbinLab/jtuomaala/20230602_LIPSI_20x_autophagz_deficient_ribosome_decline/20230530_215012_484/pad4/analysis/ch1_sobel_str/seg_Time00050_Point0082_ChannelDummy_Glass_1,Dummy_Glass_2_Seq29719.tiff",worm
/mnt/external.data/TowbinLab/kstojanovski/20221209_Ti2_10x_earlyEggs_wBT160_25C_20221209_130053_455/analysis/ch2_sobel_str/seg_Time00032_Point0120_Channel575.tiff,error
"/mnt/external.data/TowbinLab/jtuomaala/20230602_LIPSI_20x_autophagz_deficient_ribosome_decline/20230530_215012_484/pad4/analysis/ch1_sobel_str/seg_Time00048_Point0080_ChannelDummy_Glass_1,Dummy_Glass_2_Seq28543.tiff",worm
/mnt/external.data/TowbinLab/spradhan/20211112_wBT261_wBT253_10x_Ti2_growth_2_20211112_172054_504/pad1/analysis/ch1_sobel_str/seg_Time00300_Point0019_Channel470.tiff,egg
/mnt/external.data/TowbinLab/spradhan/20211214_wBT243_wBT262_rpl-22_degron_auxin_10x_Ti2/pad2/analysis/ch1_sobel_str/seg_Time00161_Point0052_Channel470.tiff,worm
/mnt/external.data/TowbinLab/kstojanovski/20210917_Ti2_10x_wBT241_oscillation_auxin_blmp-1_AID_25C_20210917_171019_749/GFP/analysis/ch1_sobel_str/seg_Time00243_Point0092_Channel575.tiff,error
"/mnt/external.data/TowbinLab/jtuomaala/20211211_LIPSI_20x_GFP_levels_ribo_cyto_20211211_221520_043/20211211_221520_043/pad1/analysis/ch1_sobel_str/seg_Time00056_Point0074_ChannelCy3_WF,Brightfield_Seq31658.tiff",error
"/mnt/external.data/TowbinLab/jtuomaala/20230404_LIPSI_10x_recovery_5d_starved_20230403_153942_262/20230403_153942_262/pad1/analysis/ch1_sobel_str/seg_Time00010_Point0019_ChannelCy3_WF,Brightfield_Seq1329.tiff",worm
/mnt/external.data/TowbinLab/jtuomaala/20220318_Ti2_10x_recovery_20220318_162544_939/20220318_162544_939/pad3/analysis/ch1_sobel_str/seg_Time00112_Point0020_Channel470_nm_Seq25974.tiff,worm
/mnt/external.data/TowbinLab/kstojanovski/20220124_lipsi_20x_daf-16GFP_wBT267-268-269-270_25C_/pad1/mCherry/analysis/ch1_sobel_str/seg_Time00035_Point0021_ChannelmCherry.tiff,worm
/mnt/external.data/TowbinLab/jtuomaala/20220511_Ti2_20x_GFP_lmn1_sams1_starvation_PART2_20220508_171356_993/20220508_171356_993/pad2/analysis/ch1_sobel_str/seg_Time00054_Point0014_Channel470_nm_Seq42820.tiff,worm
/mnt/external.data/TowbinLab/jtuomaala/20221206_klement_20201207_wbt64_wbt23_etc/main/pad1/analysis/ch1_sobel_str/seg_Time00121_Point0007_Channel470_nm_Seq17431.tiff,egg
"/mnt/external.data/TowbinLab/jtuomaala/20211211_LIPSI_20x_GFP_levels_ribo_cyto_20211211_221520_043/20211211_221520_043/pad4/analysis/ch1_sobel_str/seg_Time00043_Point0057_ChannelCy3_WF,Brightfield_Seq24624.tiff",worm
"/mnt/external.data/TowbinLab/jtuomaala/20220713_LIPSI_20x_starvation_ribo_lmn_sams_20220710_202035_650/20220710_202035_650/pad5/analysis/ch1_sobel_str/seg_Time00046_Point0121_ChannelCy3_WF,Brightfield_Seq40852.tiff",error
/mnt/external.data/TowbinLab/jtuomaala/20220511_Ti2_20x_GFP_lmn1_sams1_starvation_PART2_20220508_171356_993/20220508_171356_993/pad1/analysis/ch1_sobel_str/seg_Time00032_Point0076_Channel470_nm_Seq25356.tiff,error
/mnt/external.data/TowbinLab/kstojanovski/20230310_Ti2_10x_vhp-1_338-186_25C_20230310_171704_905/analysis/ch2_sobel_str/seg_Time00097_Point0405_Channel470.tiff,worm
/mnt/external.data/TowbinLab/kstojanovski/20230602_Orca_10x_16hIAA_wBT160-182-186-190_20230603_091744_737/analysis/ch2_sobel_str/seg_Time00008_Point0135_Channel575.tiff,worm
/mnt/external.data/TowbinLab/spradhan/20220315_wBT150_DR_titration_and_DR_AL_wBT253_wBT261/pad1/analysis/ch1_sobel_str/seg_Time00227_Point0021_Channel575.tiff,worm
/mnt/external.data/TowbinLab/spradhan/20211112_wBT261_wBT253_10x_Ti2_growth_2_20211112_172054_504/pad2/analysis/ch1_sobel_str/seg_Time00243_Point0067_Channel470.tiff,error
"/mnt/external.data/TowbinLab/jtuomaala/20220914_LIPSI_20x_recovery_3d_20220912_190116_949/20220912_190116_949/pad2/analysis/ch1_sobel_str/seg_Time00019_Point0048_ChannelCy3_WF,Brightfield_Seq2069.tiff",error
/mnt/external.data/TowbinLab/kstojanovski/20230602_Orca_10x_16hIAA_wBT160-182-186-190_20230603_091744_737/analysis/ch2_sobel_str/seg_Time00141_Point0089_Channel575.tiff,worm
/mnt/external.data/TowbinLab/jtuomaala/20221206_klement_20201207_wbt64_wbt23_etc/main/pad5/analysis/ch1_sobel_str/seg_Time00390_Point0082_Channel470_nm_Seq56242.tiff,egg
/mnt/external.data/TowbinLab/spradhan/20220809_wBT308_auxintreatedparents/analysis/ch1_sobel_str/seg_Time00099_Point0110_Channel470.tiff,worm
/mnt/external.data/TowbinLab/spradhan/20211112_wBT261_wBT253_10x_Ti2_growth_2_20211112_172054_504/pad1/analysis/ch1_sobel_str/seg_Time00254_Point0053_Channel470.tiff,worm
/mnt/external.data/TowbinLab/spradhan/20211214_wBT243_wBT262_rpl-22_degron_auxin_10x_Ti2/pad5/analysis/ch1_sobel_str/seg_Time00203_Point0008_Channel470.tiff,error
"/mnt/external.data/TowbinLab/jtuomaala/20211221_LIPSI_20x_GFP_levels_ribo_cyto_20211221_175954_691/20211221_175954_691/pad3/analysis/ch1_sobel_str/seg_Time00158_Point0017_ChannelCy3_WF,Brightfield_Seq111210.tiff",worm
/mnt/external.data/TowbinLab/spradhan/20221012_wBt307_0_50_100uM_IAA/analysis/ch1_sobel_str/seg_Time00039_Point0047_Channel470.tiff,worm
/mnt/external.data/TowbinLab/spradhan/20211112_wBT261_wBT253_10x_Ti2_growth_2_20211112_172054_504/pad1/analysis/ch1_sobel_str/seg_Time00066_Point0060_Channel470.tiff,egg
"/mnt/external.data/TowbinLab/jtuomaala/20211221_LIPSI_20x_GFP_levels_ribo_cyto_20211221_175954_691/20211221_175954_691/pad5/analysis/ch1_sobel_str/seg_Time00019_Point0009_ChannelCy3_WF,Brightfield_Seq13773.tiff",worm
/mnt/external.data/TowbinLab/jtuomaala/20221206_klement_20201030_wbt64_wbt23_etc/main/pad2/analysis/ch1_sobel_str/seg_Time00271_Point0050_Channel470_nm_Seq57231.tiff,error
/mnt/external.data/TowbinLab/jtuomaala/20220318_Ti2_10x_recovery_20220318_162544_939/20220318_162544_939/pad1/analysis/ch1_sobel_str/seg_Time00217_Point0036_Channel470_nm_Seq50163.tiff,error
"/mnt/external.data/TowbinLab/jtuomaala/20220718_LIPSI_10x_recovery_wBT148_180244_769/20220715_180244_769/pad1/analysis/ch1_sobel_str/seg_Time00056_Point0037_ChannelCy3_WF,Brightfield_Seq13197.tiff",worm
/mnt/external.data/TowbinLab/spradhan/20221216_wB261_253/analysis/ch1_sobel_str/seg_Time00369_Point0108_Channel477.tiff,error
/mnt/external.data/TowbinLab/jtuomaala/20220511_Ti2_20x_GFP_lmn1_sams1_starvation_PART2_20220508_171356_993/20220508_171356_993/pad2/analysis/ch1_sobel_str/seg_Time00009_Point0119_Channel470_nm_Seq7375.tiff,error
/mnt/external.data/TowbinLab/spradhan/20221109_wBT308_auxintreatedparents_1mM_0mM/analysis/ch1_sobel_str/seg_Time00118_Point0115_Channel470.tiff,worm
/mnt/external.data/TowbinLab/spradhan/20220218_wBT262_parental_auxin_titration_effect_in_progeny_Ti2_10x/pad4/analysis/ch1_sobel_str/seg_Time00269_Point0020_Channel575.tiff,worm
/mnt/external.data/TowbinLab/kstojanovski/20210917_Ti2_10x_wBT241_oscillation_auxin_blmp-1_AID_25C_20210917_171019_749/mCherry/analysis/ch1_sobel_str/seg_Time00356_Point0072_Channel575.tiff,error
/mnt/external.data/TowbinLab/kstojanovski/20210917_Ti2_10x_wBT241_oscillation_auxin_blmp-1_AID_25C_20210917_171019_749/mCherry/analysis/ch1_sobel_str/seg_Time00032_Point0086_Channel575.tiff,error
/mnt/external.data/TowbinLab/spradhan/20211214_wBT243_wBT262_rpl-22_degron_auxin_10x_Ti2/pad1/analysis/ch1_sobel_str/seg_Time00037_Point0056_Channel470.tiff,worm
/mnt/external.data/TowbinLab/spradhan/20220913_wB307_L1_recovery_0_500_1000IAA/analysis/ch1_sobel_str/seg_Time00046_Point0069_Channel470.tiff,worm
/mnt/external.data/TowbinLab/spradhan/20211214_wBT243_wBT262_rpl-22_degron_auxin_10x_Ti2/pad2/analysis/ch1_sobel_str/seg_Time00249_Point0052_Channel470.tiff,worm
/mnt/external.data/TowbinLab/spradhan/20211214_wBT243_wBT262_rpl-22_degron_auxin_10x_Ti2/pad1/analysis/ch1_sobel_str/seg_Time00011_Point0053_Channel470.tiff,egg
/mnt/external.data/TowbinLab/spradhan/20221021_wBT308_repeat2_0mM_1mM_IAA_P0/analysis/ch1_sobel_str/seg_Time00081_Point0098_Channel477.tiff,worm
/mnt/external.data/TowbinLab/jtuomaala/20220318_Ti2_10x_recovery_20220318_162544_939/20220318_162544_939/pad3/analysis/ch1_sobel_str/seg_Time00319_Point0035_Channel470_nm_Seq73806.tiff,error
"/mnt/external.data/TowbinLab/jtuomaala/20230529_CREST_20x_photobleach4/20230529_175259_376/pad6/analysis/ch1_sobel_str/seg_Time00000_Point0034_Channel546_nm,Mono_Seq0334.ome.tiff",error
/mnt/external.data/TowbinLab/spradhan/20221021_wBT308_repeat2_0mM_1mM_IAA_P0/analysis/ch1_sobel_str/seg_Time00001_Point0061_Channel477.tiff,error
"/mnt/external.data/TowbinLab/jtuomaala/20220718_LIPSI_10x_recovery_wBT148_180244_769/20220715_180244_769/pad1/analysis/ch1_sobel_str/seg_Time00093_Point0012_ChannelCy3_WF,Brightfield_Seq21867.tiff",worm
"/mnt/external.data/TowbinLab/jtuomaala/20230404_LIPSI_10x_recovery_5d_starved_20230403_153942_262/20230403_153942_262/pad1/analysis/ch1_sobel_str/seg_Time00083_Point0009_ChannelCy3_WF,Brightfield_Seq10882.tiff",worm
"/mnt/external.data/TowbinLab/jtuomaala/20230424_CREST_20x_photobleach_148_n2_ribosomes_20230421_232224_135/20230421_232224_135/pad5/analysis/ch1_sobel_str/seg_Time00067_Point0025_Channel546_nm,Mono_Seq20325.ome.tiff",error
/mnt/external.data/TowbinLab/jtuomaala/20221206_klement_20201030_wbt64_wbt23_etc/main/pad1/analysis/ch1_sobel_str/seg_Time00090_Point0021_Channel470_nm_Seq19011.tiff,worm
"/mnt/external.data/TowbinLab/jtuomaala/20220713_LIPSI_20x_starvation_ribo_lmn_sams_20220710_202035_650/20220710_202035_650/pad4/analysis/ch1_sobel_str/seg_Time00043_Point0038_ChannelCy3_WF,Brightfield_Seq38000.tiff",error
"/mnt/external.data/TowbinLab/jtuomaala/20211221_LIPSI_20x_GFP_levels_ribo_cyto_20211221_175954_691/20211221_175954_691/pad3/analysis/ch1_sobel_str/seg_Time00054_Point0012_ChannelCy3_WF,Brightfield_Seq38197.tiff",worm
"/mnt/external.data/TowbinLab/jtuomaala/20211221_LIPSI_20x_GFP_levels_ribo_cyto_20211221_175954_691/20211221_175954_691/pad1/analysis/ch1_sobel_str/seg_Time00022_Point0058_ChannelCy3_WF,Brightfield_Seq15502.tiff",worm
/mnt/external.data/TowbinLab/jtuomaala/20220318_Ti2_10x_recovery_20220318_162544_939/20220318_162544_939/pad4/analysis/ch1_sobel_str/seg_Time00119_Point0008_Channel470_nm_Seq27627.tiff,worm
/mnt/external.data/TowbinLab/kstojanovski/20230310_Ti2_10x_vhp-1_338-186_25C_20230310_171704_905/analysis/ch2_sobel_str/seg_Time00028_Point0240_Channel470.tiff,worm
/mnt/external.data/TowbinLab/jtuomaala/20221206_klement_20201005_wbt64_wbt23_etc/main/pad3/analysis/ch1_sobel_str/seg_Time00339_Point0028_Channel470_nm_Seq41047.tiff,error
"/mnt/external.data/TowbinLab/jtuomaala/20220713_LIPSI_20x_starvation_ribo_lmn_sams_20220710_202035_650/20220710_202035_650/pad1/analysis/ch1_sobel_str/seg_Time00006_Point0129_ChannelCy3_WF,Brightfield_Seq5367.tiff",worm
/mnt/external.data/TowbinLab/kstojanovski/20230602_Orca_10x_16hIAA_wBT160-182-186-190_20230603_091744_737/analysis/ch2_sobel_str/seg_Time00124_Point0114_Channel575.tiff,worm
/mnt/external.data/TowbinLab/jtuomaala/20221206_klement_20201030_wbt64_wbt23_etc/main/pad5/analysis/ch1_sobel_str/seg_Time00216_Point0193_Channel470_nm_Seq45769.tiff,worm
/mnt/external.data/TowbinLab/spradhan/20221012_wBt307_0_50_100uM_IAA/analysis/ch1_sobel_str/seg_Time00181_Point0060_Channel470.tiff,worm
"/mnt/external.data/TowbinLab/jtuomaala/20230602_LIPSI_20x_autophagz_deficient_ribosome_decline/20230530_215012_484/pad3/analysis/ch1_sobel_str/seg_Time00056_Point0087_ChannelDummy_Glass_1,Dummy_Glass_2_Seq33146.tiff",worm
/mnt/external.data/TowbinLab/jtuomaala/20220511_Ti2_20x_GFP_lmn1_sams1_starvation_PART2_20220508_171356_993/20220508_171356_993/pad4/analysis/ch1_sobel_str/seg_Time00054_Point0022_Channel470_nm_Seq43114.tiff,worm
/mnt/external.data/TowbinLab/spradhan/20220218_wBT262_parental_auxin_titration_effect_in_progeny_Ti2_10x/pad6/analysis/ch1_sobel_str/seg_Time00100_Point0013_Channel575.tiff,error
/mnt/external.data/TowbinLab/spradhan/20220218_wBT262_parental_auxin_titration_effect_in_progeny_Ti2_10x/pad3/analysis/ch1_sobel_str/seg_Time00252_Point0014_Channel575.tiff,error
/mnt/external.data/TowbinLab/kstojanovski/20230602_Orca_10x_16hIAA_wBT160-182-186-190_20230603_091744_737/analysis/ch2_sobel_str/seg_Time00007_Point0029_Channel575.tiff,worm
/mnt/external.data/TowbinLab/kstojanovski/20221209_Ti2_10x_earlyEggs_wBT160_25C_20221209_130053_455/analysis/ch2_sobel_str/seg_Time00030_Point0178_Channel575.tiff,worm
/mnt/external.data/TowbinLab/jtuomaala/20221206_klement_20201030_wbt64_wbt23_etc/main/pad1/analysis/ch1_sobel_str/seg_Time00109_Point0010_Channel470_nm_Seq23009.tiff,error
/mnt/external.data/TowbinLab/jtuomaala/20221206_klement_20201023_wbt64_wbt23_etc/main/pad3/analysis/ch1_sobel_str/seg_Time00220_Point0064_Channel470_nm_Seq23164.tiff,worm
/mnt/external.data/TowbinLab/jtuomaala/20221206_klement_20201023_wbt64_wbt23_etc/main/pad2/analysis/ch1_sobel_str/seg_Time00118_Point0034_Channel470_nm_Seq12424.tiff,worm
/mnt/external.data/TowbinLab/kstojanovski/20221209_Ti2_10x_earlyEggs_wBT160_25C_20221209_130053_455/analysis/ch2_sobel_str/seg_Time00120_Point0179_Channel575.tiff,worm
"/mnt/external.data/TowbinLab/jtuomaala/20211221_LIPSI_20x_GFP_levels_ribo_cyto_20211221_175954_691/20211221_175954_691/pad1/analysis/ch1_sobel_str/seg_Time00004_Point0060_ChannelCy3_WF,Brightfield_Seq2868.tiff",worm
/mnt/external.data/TowbinLab/spradhan/20211214_wBT243_wBT262_rpl-22_degron_auxin_10x_Ti2/pad1/analysis/ch1_sobel_str/seg_Time00045_Point0040_Channel470.tiff,worm
/mnt/external.data/TowbinLab/kstojanovski/20220401_Ti2_20x_160-182-190_pumping_25C_20220401_173300_429/analysis/ch2_sobel_str/seg_Time00038_Point0038_Channel470.tiff,worm
/mnt/external.data/TowbinLab/spradhan/20221012_wBt307_0_50_100uM_IAA/analysis/ch1_sobel_str/seg_Time00187_Point0023_Channel470.tiff,worm
"/mnt/external.data/TowbinLab/jtuomaala/20211221_LIPSI_20x_GFP_levels_ribo_cyto_20211221_175954_691/20211221_175954_691/pad5/analysis/ch1_sobel_str/seg_Time00142_Point0014_ChannelCy3_WF,Brightfield_Seq100124.tiff",error
/mnt/external.data/TowbinLab/spradhan/20211214_wBT243_wBT262_rpl-22_degron_auxin_10x_Ti2/pad4/analysis/ch1_sobel_str/seg_Time00161_Point0036_Channel470.tiff,worm
/mnt/external.data/TowbinLab/kstojanovski/20220909_crest_10x_yap-1d_wBT125-310_25C_20220909_154052_701/analysis/ch2_sobel_str/seg_Time00209_Point0043_Channel477.tiff,error
/mnt/external.data/TowbinLab/jtuomaala/20220318_Ti2_10x_recovery_20220318_162544_939/20220318_162544_939/pad3/analysis/ch1_sobel_str/seg_Time00099_Point0002_Channel470_nm_Seq22953.tiff,worm
/mnt/external.data/TowbinLab/spradhan/20220218_wBT262_parental_auxin_titration_effect_in_progeny_Ti2_10x/pad3/analysis/ch1_sobel_str/seg_Time00090_Point0002_Channel575.tiff,worm
"/mnt/external.data/TowbinLab/jtuomaala/20211221_LIPSI_20x_GFP_levels_ribo_cyto_20211221_175954_691/20211221_175954_691/pad5/analysis/ch1_sobel_str/seg_Time00015_Point0003_ChannelCy3_WF,Brightfield_Seq10959.tiff",error
/mnt/external.data/TowbinLab/spradhan/20210716_wBT148_150_Ti2_10x_DR_AL_growth_ribosome/gfp/analysis/ch1_sobel_str/seg_Time00146_Point0007_Channel470.tiff,worm
"/mnt/external.data/TowbinLab/jtuomaala/20230404_LIPSI_10x_recovery_5d_starved_20230403_153942_262/20230403_153942_262/pad1/analysis/ch1_sobel_str/seg_Time00128_Point0004_ChannelCy3_WF,Brightfield_Seq16772.tiff",worm
"/mnt/external.data/TowbinLab/jtuomaala/20211221_LIPSI_20x_GFP_levels_ribo_cyto_20211221_175954_691/20211221_175954_691/pad5/analysis/ch1_sobel_str/seg_Time00046_Point0035_ChannelCy3_WF,Brightfield_Seq32753.tiff",error
"/mnt/external.data/TowbinLab/jtuomaala/20230424_CREST_20x_photobleach_148_n2_ribosomes_20230421_232224_135/20230421_232224_135/pad6/analysis/ch1_sobel_str/seg_Time00105_Point0040_Channel546_nm,Mono_Seq31790.ome.tiff",error
/mnt/external.data/TowbinLab/spradhan/20211214_wBT243_wBT262_rpl-22_degron_auxin_10x_Ti2/pad1/analysis/ch1_sobel_str/seg_Time00087_Point0049_Channel470.tiff,error
"/mnt/external.data/TowbinLab/jtuomaala/20230529_CREST_20x_photobleach4/20230529_175259_376/pad1/analysis/ch1_sobel_str/seg_Time00021_Point0044_Channel546_nm,Mono_Seq7604.ome.tiff",error
/mnt/external.data/TowbinLab/spradhan/20211112_wBT261_wBT253_10x_Ti2_growth_2_20211112_172054_504/pad1/analysis/ch1_sobel_str/seg_Time00021_Point0019_Channel470.tiff,egg
/mnt/external.data/TowbinLab/jtuomaala/20220318_Ti2_10x_recovery_20220318_162544_939/20220318_162544_939/pad2/analysis/ch1_sobel_str/seg_Time00046_Point0013_Channel470_nm_Seq10688.tiff,error
"/mnt/external.data/TowbinLab/jtuomaala/20211221_LIPSI_20x_GFP_levels_ribo_cyto_20211221_175954_691/20211221_175954_691/pad4/analysis/ch1_sobel_str/seg_Time00020_Point0030_ChannelCy3_WF,Brightfield_Seq14371.tiff",worm
/mnt/external.data/TowbinLab/kstojanovski/20210917_Ti2_10x_wBT241_oscillation_auxin_blmp-1_AID_25C_20210917_171019_749/mCherry/analysis/ch1_sobel_str/seg_Time00361_Point0023_Channel575.tiff,worm
/mnt/external.data/TowbinLab/spradhan/20211112_wBT261_wBT253_10x_Ti2_growth_2_20211112_172054_504/pad1/analysis/ch1_sobel_str/seg_Time00368_Point0073_Channel470.tiff,error
/mnt/external.data/TowbinLab/kstojanovski/20221209_Ti2_10x_earlyEggs_wBT160_25C_20221209_130053_455/analysis/ch2_sobel_str/seg_Time00031_Point0129_Channel575.tiff,error
/mnt/external.data/TowbinLab/spradhan/20221012_wBt307_0_50_100uM_IAA/analysis/ch1_sobel_str/seg_Time00274_Point0023_Channel470.tiff,error
"/mnt/external.data/TowbinLab/jtuomaala/20230524_photobleach_3/20230523_183432_360/pad4/analysis/ch1_sobel_str/seg_Time00018_Point0020_Channel546_nm,Mono_Seq6680.ome.tiff",worm
/mnt/external.data/TowbinLab/jtuomaala/20221206_klement_20201207_wbt64_wbt23_etc/main/pad6/analysis/ch1_sobel_str/seg_Time00483_Point0120_Channel470_nm_Seq69672.tiff,error
"/mnt/external.data/TowbinLab/jtuomaala/20230424_CREST_20x_photobleach_148_n2_ribosomes_20230421_232224_135/20230421_232224_135/pad5/analysis/ch1_sobel_str/seg_Time00029_Point0036_Channel546_nm,Mono_Seq8936.ome.tiff",egg
/mnt/external.data/TowbinLab/spradhan/20211214_wBT243_wBT262_rpl-22_degron_auxin_10x_Ti2/pad5/analysis/ch1_sobel_str/seg_Time00113_Point0028_Channel470.tiff,error
"/mnt/external.data/TowbinLab/jtuomaala/20230424_CREST_20x_photobleach_148_n2_ribosomes_20230421_232224_135/20230421_232224_135/pad1/analysis/ch1_sobel_str/seg_Time00033_Point0020_Channel546_nm,Mono_Seq9920.ome.tiff",error
/mnt/external.data/TowbinLab/kstojanovski/20220909_crest_10x_yap-1d_wBT125-310_25C_20220909_154052_701/analysis/ch2_sobel_str/seg_Time00221_Point0011_Channel477.tiff,error
/mnt/external.data/TowbinLab/spradhan/20220913_wB307_L1_recovery_0_500_1000IAA/analysis/ch1_sobel_str/seg_Time00196_Point0077_Channel470.tiff,worm
/mnt/external.data/TowbinLab/spradhan/20221109_wBT308_auxintreatedparents_1mM_0mM/analysis/ch1_sobel_str/seg_Time00177_Point0041_Channel470.tiff,worm
/mnt/external.data/TowbinLab/spradhan/20220315_wBT150_DR_titration_and_DR_AL_wBT253_wBT261/pad1/analysis/ch1_sobel_str/seg_Time00158_Point0018_Channel575.tiff,worm
/mnt/external.data/TowbinLab/spradhan/20211112_wBT261_wBT253_10x_Ti2_growth_2_20211112_172054_504/pad2/analysis/ch1_sobel_str/seg_Time00186_Point0061_Channel470.tiff,error
"/mnt/external.data/TowbinLab/jtuomaala/20230602_LIPSI_20x_autophagz_deficient_ribosome_decline/20230530_215012_484/pad3/analysis/ch1_sobel_str/seg_Time00021_Point0038_ChannelDummy_Glass_1,Dummy_Glass_2_Seq12552.tiff",worm
"/mnt/external.data/TowbinLab/jtuomaala/20211221_LIPSI_20x_GFP_levels_ribo_cyto_20211221_175954_691/20211221_175954_691/pad4/analysis/ch1_sobel_str/seg_Time00043_Point0057_ChannelCy3_WF,Brightfield_Seq30544.tiff",worm
/mnt/external.data/TowbinLab/spradhan/20210716_wBT148_150_Ti2_10x_DR_AL_growth_ribosome/mcherry/analysis/ch1_sobel_str/seg_Time00309_Point0072_Channel470.tiff,error
"/mnt/external.data/TowbinLab/jtuomaala/20211221_LIPSI_20x_GFP_levels_ribo_cyto_20211221_175954_691/20211221_175954_691/pad1/analysis/ch1_sobel_str/seg_Time00007_Point0145_ChannelCy3_WF,Brightfield_Seq5059.tiff",worm
/mnt/external.data/TowbinLab/jtuomaala/20221206_klement_20201023_wbt64_wbt23_etc/main/pad3/analysis/ch1_sobel_str/seg_Time00212_Point0062_Channel470_nm_Seq22322.tiff,worm
/mnt/external.data/TowbinLab/jtuomaala/20220318_Ti2_10x_recovery_20220318_162544_939/20220318_162544_939/pad6/analysis/ch1_sobel_str/seg_Time00177_Point0036_Channel470_nm_Seq41081.tiff,worm
"/mnt/external.data/TowbinLab/jtuomaala/20220318_LIPSI_10x_recovery_20220318_215149_300/20220318_215149_300/pad6/analysis/ch1_sobel_str/seg_Time00173_Point0020_ChannelCy3_WF,Brightfield_Seq42075.tiff",error
/mnt/external.data/TowbinLab/spradhan/20221216_wB261_253/analysis/ch1_sobel_str/seg_Time00365_Point0065_Channel477.tiff,error
"/mnt/external.data/TowbinLab/jtuomaala/20211221_LIPSI_20x_GFP_levels_ribo_cyto_20211221_175954_691/20211221_175954_691/pad5/analysis/ch1_sobel_str/seg_Time00127_Point0085_ChannelCy3_WF,Brightfield_Seq89665.tiff",worm
/mnt/external.data/TowbinLab/jtuomaala/20221206_klement_20201030_wbt64_wbt23_etc/main/pad4/analysis/ch1_sobel_str/seg_Time00144_Point0123_Channel470_nm_Seq30507.tiff,worm
/mnt/external.data/TowbinLab/spradhan/20221216_wB261_253/analysis/ch1_sobel_str/seg_Time00062_Point0079_Channel477.tiff,worm
/mnt/external.data/TowbinLab/spradhan/20220809_wBT308_auxintreatedparents/analysis/ch1_sobel_str/seg_Time00055_Point0115_Channel470.tiff,worm
/mnt/external.data/TowbinLab/spradhan/20221012_wBt307_0_50_100uM_IAA/analysis/ch1_sobel_str/seg_Time00249_Point0040_Channel470.tiff,worm
/mnt/external.data/TowbinLab/spradhan/20220315_wBT150_DR_titration_and_DR_AL_wBT253_wBT261/pad1/analysis/ch1_sobel_str/seg_Time00152_Point0084_Channel575.tiff,worm
"/mnt/external.data/TowbinLab/jtuomaala/20220318_LIPSI_10x_recovery_20220318_215149_300/20220318_215149_300/pad3/analysis/ch1_sobel_str/seg_Time00111_Point0014_ChannelCy3_WF,Brightfield_Seq26965.tiff",worm
/mnt/external.data/TowbinLab/spradhan/20220913_wB307_L1_recovery_0_500_1000IAA/analysis/ch1_sobel_str/seg_Time00263_Point0085_Channel470.tiff,worm
/mnt/external.data/TowbinLab/kstojanovski/20230310_Ti2_10x_vhp-1_338-186_25C_20230310_171704_905/analysis/ch2_sobel_str/seg_Time00058_Point0446_Channel470.tiff,worm
"/mnt/external.data/TowbinLab/jtuomaala/20211211_LIPSI_20x_GFP_levels_ribo_cyto_20211211_221520_043/20211211_221520_043/pad4/analysis/ch1_sobel_str/seg_Time00034_Point0061_ChannelCy3_WF,Brightfield_Seq19552.tiff",worm
/mnt/external.data/TowbinLab/spradhan/20221021_wBT308_repeat2_0mM_1mM_IAA_P0/analysis/ch1_sobel_str/seg_Time00249_Point0062_Channel477.tiff,egg
"/mnt/external.data/TowbinLab/jtuomaala/20220713_LIPSI_20x_starvation_ribo_lmn_sams_20220710_202035_650/20220710_202035_650/pad2/analysis/ch1_sobel_str/seg_Time00060_Point0010_ChannelCy3_WF,Brightfield_Seq52540.tiff",worm
"/mnt/external.data/TowbinLab/jtuomaala/20220718_LIPSI_10x_recovery_wBT148_180244_769/20220715_180244_769/pad5/analysis/ch1_sobel_str/seg_Time00110_Point0034_ChannelCy3_WF,Brightfield_Seq26032.tiff",worm
/mnt/external.data/TowbinLab/kstojanovski/20220909_crest_10x_yap-1d_wBT125-310_25C_20220909_154052_701/analysis/ch2_sobel_str/seg_Time00385_Point0066_Channel477.tiff,worm
/mnt/external.data/TowbinLab/jtuomaala/20221206_klement_20201005_wbt64_wbt23_etc/main/pad4/analysis/ch1_sobel_str/seg_Time00128_Point0041_Channel470_nm_Seq15529.tiff,egg
"/mnt/external.data/TowbinLab/jtuomaala/20230404_LIPSI_10x_recovery_5d_starved_20230403_153942_262/20230403_153942_262/pad3/analysis/ch1_sobel_str/seg_Time00084_Point0029_ChannelCy3_WF,Brightfield_Seq11100.tiff",worm
"/mnt/external.data/TowbinLab/jtuomaala/20220318_LIPSI_10x_recovery_20220318_215149_300/20220318_215149_300/pad6/analysis/ch1_sobel_str/seg_Time00004_Point0010_ChannelCy3_WF,Brightfield_Seq1167.tiff",error
/mnt/external.data/TowbinLab/spradhan/20210716_wBT148_150_Ti2_10x_DR_AL_growth_ribosome/mcherry/analysis/ch1_sobel_str/seg_Time00208_Point0004_Channel470.tiff,worm
/mnt/external.data/TowbinLab/spradhan/20220913_wB307_L1_recovery_0_500_1000IAA/analysis/ch1_sobel_str/seg_Time00038_Point0090_Channel470.tiff,worm
"/mnt/external.data/TowbinLab/jtuomaala/20230424_CREST_20x_photobleach_148_n2_ribosomes_20230421_232224_135/20230421_232224_135/pad2/analysis/ch1_sobel_str/seg_Time00038_Point0018_Channel546_nm,Mono_Seq11468.ome.tiff",error
"/mnt/external.data/TowbinLab/jtuomaala/20220713_LIPSI_20x_starvation_ribo_lmn_sams_20220710_202035_650/20220710_202035_650/pad2/analysis/ch1_sobel_str/seg_Time00004_Point0119_ChannelCy3_WF,Brightfield_Seq3761.tiff",error
"/mnt/external.data/TowbinLab/jtuomaala/20220718_LIPSI_10x_recovery_wBT148_180244_769/20220715_180244_769/pad3/analysis/ch1_sobel_str/seg_Time00033_Point0034_ChannelCy3_WF,Brightfield_Seq7856.tiff",worm
/mnt/external.data/TowbinLab/jtuomaala/20211203_Ti2_20x_GFP_decline_wBT148_wBT23_autophagy_deficient_20211203_164210_252/20211203_164210_252/pad2/analysis/ch1_sobel_str/seg_Time00039_Point0060_Channel470_nm_Seq22886.tiff,worm
/mnt/external.data/TowbinLab/spradhan/20220913_wB307_L1_recovery_0_500_1000IAA/analysis/ch1_sobel_str/seg_Time00088_Point0078_Channel470.tiff,worm
"/mnt/external.data/TowbinLab/jtuomaala/20220718_LIPSI_10x_recovery_wBT148_180244_769/20220715_180244_769/pad4/analysis/ch1_sobel_str/seg_Time00217_Point0028_ChannelCy3_WF,Brightfield_Seq51136.tiff",error
"/mnt/external.data/TowbinLab/jtuomaala/20220914_LIPSI_20x_recovery_3d_20220912_190116_949/20220912_190116_949/pad2/analysis/ch1_sobel_str/seg_Time00039_Point0042_ChannelCy3_WF,Brightfield_Seq4183.tiff",worm
/mnt/external.data/TowbinLab/spradhan/20220218_wBT262_parental_auxin_titration_effect_in_progeny_Ti2_10x/pad4/analysis/ch1_sobel_str/seg_Time00299_Point0014_Channel575.tiff,error
/mnt/external.data/TowbinLab/kstojanovski/20221209_Ti2_10x_earlyEggs_wBT160_25C_20221209_130053_455/analysis/ch2_sobel_str/seg_Time00204_Point0112_Channel575.tiff,error
/mnt/external.data/TowbinLab/spradhan/20221109_wBT308_auxintreatedparents_1mM_0mM/analysis/ch1_sobel_str/seg_Time00121_Point0169_Channel470.tiff,worm
/mnt/external.data/TowbinLab/spradhan/20220218_wBT262_parental_auxin_titration_effect_in_progeny_Ti2_10x/pad4/analysis/ch1_sobel_str/seg_Time00050_Point0015_Channel575.tiff,worm
/mnt/external.data/TowbinLab/spradhan/20220218_wBT262_parental_auxin_titration_effect_in_progeny_Ti2_10x/pad1/analysis/ch1_sobel_str/seg_Time00300_Point0012_Channel575.tiff,error
/mnt/external.data/TowbinLab/kstojanovski/20230310_Ti2_10x_vhp-1_338-186_25C_20230310_171704_905/analysis/ch2_sobel_str/seg_Time00032_Point0330_Channel470.tiff,error
/mnt/external.data/TowbinLab/spradhan/20221021_wBT308_repeat2_0mM_1mM_IAA_P0/analysis/ch1_sobel_str/seg_Time00066_Point0093_Channel477.tiff,worm
"/mnt/external.data/TowbinLab/jtuomaala/20220318_LIPSI_10x_recovery_20220318_215149_300/20220318_215149_300/pad5/analysis/ch1_sobel_str/seg_Time00126_Point0019_ChannelCy3_WF,Brightfield_Seq30669.tiff",worm
/mnt/external.data/TowbinLab/spradhan/20211214_wBT243_wBT262_rpl-22_degron_auxin_10x_Ti2/pad6/analysis/ch1_sobel_str/seg_Time00094_Point0022_Channel470.tiff,worm
/mnt/external.data/TowbinLab/kstojanovski/20230310_Ti2_10x_vhp-1_338-186_25C_20230310_171704_905/analysis/ch2_sobel_str/seg_Time00077_Point0219_Channel470.tiff,worm
/mnt/external.data/TowbinLab/spradhan/20211214_wBT243_wBT262_rpl-22_degron_auxin_10x_Ti2/pad5/analysis/ch1_sobel_str/seg_Time00009_Point0039_Channel470.tiff,worm
/mnt/external.data/TowbinLab/kstojanovski/20220909_crest_10x_yap-1d_wBT125-310_25C_20220909_154052_701/analysis/ch2_sobel_str/seg_Time00108_Point0081_Channel477.tiff,error
/mnt/external.data/TowbinLab/jtuomaala/20221206_klement_20201207_wbt64_wbt23_etc/main/pad6/analysis/ch1_sobel_str/seg_Time00000_Point0115_Channel470_nm_Seq0115.tiff,worm
"/mnt/external.data/TowbinLab/jtuomaala/20220718_LIPSI_10x_recovery_wBT148_180244_769/20220715_180244_769/pad1/analysis/ch1_sobel_str/seg_Time00021_Point0020_ChannelCy3_WF,Brightfield_Seq4955.tiff",worm
"/mnt/external.data/TowbinLab/jtuomaala/20211221_LIPSI_20x_GFP_levels_ribo_cyto_20211221_175954_691/20211221_175954_691/pad1/analysis/ch1_sobel_str/seg_Time00034_Point0153_ChannelCy3_WF,Brightfield_Seq24021.tiff",worm
/mnt/external.data/TowbinLab/jtuomaala/20211203_Ti2_20x_GFP_decline_wBT148_wBT23_autophagy_deficient_20211203_164210_252/20211203_164210_252/pad2/analysis/ch1_sobel_str/seg_Time00009_Point0196_Channel470_nm_Seq5562.tiff,worm
/mnt/external.data/TowbinLab/kstojanovski/20220610_Crest_10x_chambers_test_25C_20220610_184550_574/analysis/ch2_sobel_str/seg_Time00307_Point0015_Channel477.tiff,worm
/mnt/external.data/TowbinLab/spradhan/20220809_wBT308_auxintreatedparents/analysis/ch1_sobel_str/seg_Time00184_Point0073_Channel470.tiff,error
/mnt/external.data/TowbinLab/spradhan/20210716_wBT148_150_Ti2_10x_DR_AL_growth_ribosome/mcherry/analysis/ch1_sobel_str/seg_Time00007_Point0068_Channel470.tiff,error
"/mnt/external.data/TowbinLab/jtuomaala/20220718_LIPSI_10x_recovery_wBT148_180244_769/20220715_180244_769/pad3/analysis/ch1_sobel_str/seg_Time00177_Point0035_ChannelCy3_WF,Brightfield_Seq41697.tiff",worm
"/mnt/external.data/TowbinLab/jtuomaala/20220718_LIPSI_10x_recovery_wBT148_180244_769/20220715_180244_769/pad5/analysis/ch1_sobel_str/seg_Time00171_Point0000_ChannelCy3_WF,Brightfield_Seq40333.tiff",worm
"/mnt/external.data/TowbinLab/jtuomaala/20211211_LIPSI_20x_GFP_levels_ribo_cyto_20211211_221520_043/20211211_221520_043/pad2/analysis/ch1_sobel_str/seg_Time00051_Point0097_ChannelCy3_WF,Brightfield_Seq28961.tiff",worm
"/mnt/external.data/TowbinLab/jtuomaala/20230602_LIPSI_20x_autophagz_deficient_ribosome_decline/20230530_215012_484/pad2/analysis/ch1_sobel_str/seg_Time00027_Point0062_ChannelDummy_Glass_1,Dummy_Glass_2_Seq15998.tiff",worm
"/mnt/external.data/TowbinLab/jtuomaala/20220713_LIPSI_20x_starvation_ribo_lmn_sams_20220710_202035_650/20220710_202035_650/pad5/analysis/ch1_sobel_str/seg_Time00052_Point0002_ChannelCy3_WF,Brightfield_Seq45971.tiff",error
/mnt/external.data/TowbinLab/kstojanovski/20230310_Ti2_10x_vhp-1_338-186_25C_20230310_171704_905/analysis/ch2_sobel_str/seg_Time00026_Point0203_Channel470.tiff,worm
"/mnt/external.data/TowbinLab/jtuomaala/20230524_photobleach_3/20230523_183432_360/pad6/analysis/ch1_sobel_str/seg_Time00014_Point0003_Channel546_nm,Mono_Seq5343.ome.tiff",worm
/mnt/external.data/TowbinLab/spradhan/20210716_wBT148_150_Ti2_10x_DR_AL_growth_ribosome/gfp/analysis/ch1_sobel_str/seg_Time00253_Point0052_Channel470.tiff,worm
/mnt/external.data/TowbinLab/spradhan/20220218_wBT262_parental_auxin_titration_effect_in_progeny_Ti2_10x/pad1/analysis/ch1_sobel_str/seg_Time00000_Point0002_Channel575.tiff,egg
/mnt/external.data/TowbinLab/jtuomaala/20221206_klement_20201030_wbt64_wbt23_etc/main/pad5/analysis/ch1_sobel_str/seg_Time00143_Point0181_Channel470_nm_Seq30354.tiff,worm
/mnt/external.data/TowbinLab/spradhan/20220809_wBT308_auxintreatedparents/analysis/ch1_sobel_str/seg_Time00194_Point0084_Channel470.tiff,worm
/mnt/external.data/TowbinLab/spradhan/20220809_wBT308_auxintreatedparents/analysis/ch1_sobel_str/seg_Time00361_Point0028_Channel470.tiff,error
/mnt/external.data/TowbinLab/kstojanovski/20220909_crest_10x_yap-1d_wBT125-310_25C_20220909_154052_701/analysis/ch2_sobel_str/seg_Time00134_Point0034_Channel477.tiff,worm
/mnt/external.data/TowbinLab/spradhan/20221012_wBt307_0_50_100uM_IAA/analysis/ch1_sobel_str/seg_Time00209_Point0003_Channel470.tiff,worm
/mnt/external.data/TowbinLab/spradhan/20221021_wBT308_repeat2_0mM_1mM_IAA_P0/analysis/ch1_sobel_str/seg_Time00203_Point0103_Channel477.tiff,error
